nombre;apellido;nacimiento;fallecido;especialidad;descripcion;foto;nacioalidad
Alice;Kessler-Harris;1941;;1;Alice Kessler-Harris es Profesora R. Gordon Hoxie de Historia Americana en la Universidad de Columbia, y ex presidenta de la Organización de Historiadores Americanos, y especialista en el trabajo estadounidense y la exploración comparativa e interdisciplinaria de la mujer y el género.;Kessler-Harris.jpeg;Reino Unido
Alice;Whitcomb Clark;1874;1934;1;"En un análisis de la explosión social, del industrialismo en la Gran Bretaña,4?5? Alice Clark argumentó que en el siglo XVI en Inglaterra, las mujeres estaban involucradas en muchos aspectos de la industria y la agricultura. El hogar era una unidad central de producción y las mujeres desempeñaban un papel central en la gestión de las granjas, y en algunos comercios y fincas. Sus útiles roles económicos les dieron una especie de igualdad con sus esposos. Sin embargo, Clark argumenta que, a medida que el capitalismo se expandió en el siglo XVII, hubo más y más división del trabajo, con el marido tomando trabajos remunerados fuera del hogar y la esposa reducida al trabajo doméstico no remunerado. Las mujeres de clase media estaban confinadas a una existencia doméstica ociosa, supervisando a las sirvientas; donde, las mujeres de clase baja fueron obligadas a tomar trabajos mal pagados. El capitalismo, por lo tanto, tuvo un efecto negativo en las mujeres poderosas.";Aliceclark.png;Europa
Alice;Cunningham Fletcher;1838;1923;3;En 1882 fue designada como asistente en el área de Etnología del Museo Peabody, y en 1891 recibió la membresía Thaw, creada específicamente para ella. Siempre activa en sociedades profesionales, fue elegida presidenta de la Sociedad Antropológica de Washington y en 1905 como la primera presidente mujer de la Sociedad Norteamericana de Folclore. Ella también se desempeñó como vicepresidente de la Asociación Estadounidense para el Avance de CienciaTrabajando a través de la Asociación Nacional para Mujeres Indias, Fletcher introdujo un sistema que permitía realizar pequeños préstamos a nativos americanos, con el cual podrían comprar tierra y casas. Ella también ayudó a conseguir un préstamo para que Susan La Flesche, una mujer Omaha, pudiera concluir sus estudios en Medicina. Graduándose como la mejor de su clase, La Flesche se convirtió en la primera mujer nativa americana doctora.;;Norteaméricana
Alma Rosa;Sánchez;;;8;"Especialista en investigaciones sobre Género, Ciudadanía de las mujeres y Derechos Sexuales-Reproductivos. Es iniciadora de los Estudios de Género en la FES Acatlán, con el Taller de Investigación Educativa ""Mujer, Educación y Empleo""; universidad en la que se ha desempeñado en los últimos años como maestra de la licenciatura de Pedagogía.";AlmaRosaSanchez.jpg;México
Alva;Myrdal;1902;1986;8;Galardonada con el Premio Nobel de la Paz en 1982 junto con el mexicano Alfonso García Robles. Se casó en 1924 con Gunnar Myrdal, fue una de las principales fuerzas dirigentes en la creación del estado del bienestar sueco.;Alva_Myrdal.jpg;Suecia
Amalia;Amaki;1949;;1;Una artista afroamericana , historiadora del arte , educadora, crítica de cine y curadora que recientemente residió en Tuscaloosa, Alabama. explora la vida y la cultura afroamericanas a través del uso de la fotografía frecuentemente incrustada en cajas, colchas y ventiladores. Ella adorna estas piezas con objetos encontrados , como botones, cuentas, flores y trozos de tela.;amalia_amaki.jpg;Norteamérica
Amelia;Valcárcel;1950;;5;"Es una de las mujeres más destacadas del feminismo de la igualdad, así como una de las mujeres más representativas del ideario feminista.1?

Durante tres décadas fue docente en la Universidad de Oviedo y actualmente es Catedrática de Filosofía Moral y Política de la Universidad Nacional de Educación a Distancia (UNED).";Amelia_Valcarcel.jpg;España
Amparo;Tomé;;;8;Su actividad investigadora en la Universidad Autónoma de Barcelona se ha centrado en temas de Género y Educación a nivel nacional e internacional de 1992-2000. También ha sido directora de la publicación Cuadernos para la Coeducación del Instituto de Ciencias de la Educación de la UAB de 1992-2002, y del Proyecto de Educación en valores en el Instituto de Educación del Ayuntamiento de Barcelona 2000-2003.;Amparo_Tomé.jpg;España
Ana Silvia;Monzón Monterroso;1960;;8;Socióloga, investigadora y comunicadora social feminista guatemalteca. En 1993 fue cofundadora del programa radiofónico Voces de Mujeres. Actualmente es coordinadora y profesora-investigadora del Programa académico género y feminismos en FLACSO-Guatemala. Ha realizado investigaciones en temas como: situación de la niñez, participación política e historia de las mujeres, comunicación y género, mujeres y maquila, movimiento de mujeres, etnia y género, género y migración, educación integral en sexualidad.;Ana_Silvia_Monzón.jpg;Guatemala
Angela;McRobbie;1951;;8;"Su trabajo más conocido gira en torno a el análisis del género en la cultura juvenil. Ella fue crítica respecto al trabajo de las subculturas del CCCS realizado por Paul Willis y Dick Hebdige, por su falta de consideración del género. Más aún, subrayó la necesidad de analizar la naturaleza de la vida cultural de las mujeres jóvenes, en orden a establecer si se estructuraba de un modo diferente de aquel de los chicos. Este enfoque llevó a escribir sobre la cultura de la feminidad, los romances, la música pop y la cultura teenybop"", la revista para chicas ""Jackie"", entre otras cosas. """;Angela-Mcrobbie-photo.jpg;Reino Unido
Ann;Fabian;1949;;1;Fabián es miembro de la Organización de Historiadores Americanos, ex presidente de la Sociedad de Historiadores de la Primera República Americana y fue elegido miembro de la Sociedad de Historiadores Americanos y de la Sociedad Americana de Anticuarios.;Ann_fabian.jpg;Norteaméricana
Ann;Oakley;1944;;8;"Especialmente conocida por su trabajo sobre sexo y género, trabajo doméstico, parto y ciencias sociales feministas. En 1972 en su tratado ""Sexo, Género y Sociedad"" fue la primera en introducir el término género en el discurso de las ciencias sociales.
En los últimos se ha centrado también en las políticas públicas basadas en la evidencia y las metodologías de investigación y evaluación, en la sociología del cuerpo y en la biografía y la autobiografía como formas de escritura de la vida. Hasta enero de 2005 fue directora de la Unidad de Investigación de Ciencias Sociales Social Ciencia Research Unit en la Universidad de Londres.";AnnOakley.jpg;Reino Unido
Anna;Freud;1895;1982;6;Centró su investigación en la psicología infantil.;Anna_Freud_1957.jpg;Austria
Anna;Jacobson Schwartz;1915;2012;7;"Economista estadounidense de la Agencia Nacional de Investigación Económica en la ciudad de Nueva York, y según Paul Krugman «una de las monetaristas más importantes del mundo».Otras áreas de su trabajo incluyen; la transmisión internacional de la inflación y de los ciclos económicos, la función del gobierno en política monetaria, midiendo la producción de bancos, y el comportamiento de las tasas de interés, la deflación y los estándares monetarios. También trabajó fuera de los Estados Unidos, específicamente en el Departamento de Banca y Finanzas en Universidad de la Ciudad de Londres, Inglaterra, que encabezó un proyecto de investigación de la historia monetaria del Reino Unido.";Anna_Schwartz.jpg;Norteaméricana
Anna Julia;Haywood Cooper;1858;1964;8;Escritora, educadora, socióloga y activista por la liberación de la raza negra, fue una de las académicas afroamericanas más destacadas de la historia de los EEUU. Nacida esclava, accedió a la educación superior, fue la cuarta mujer afroamericana en conseguir un doctorado y fundó la Liga de las Mujeres de Color en Washington DC para promover la unidad, el progreso social y los mejores intereses de la comunidad afroamericana.;Anna_J._Cooper.jpeg;Estados Unidos
Anne;Sullivan;1866;1936;9;;;Estados Unidos
Anneliese (o Anneliese Gutkind);Bulling;1900;2004;1;La investigación de Bulling se centró en la historia del arte chino, especialmente en la arquitectura y las artes y oficios. Ella desarrolló una teoría de que los caracteres chinos son el resultado de los símbolos prehistóricos (neolíticos) del calendario astronómico.;Anneliese_Bulling.jpg;Originaria de Alemania
Annie;Marion Maclean;1869;1934;8;Considerada como madre de la etnografía contemporánea, creó el Departamento de Sociología para la Universidad de Chicago en 1892. Promovió un estudio entre mujeres sociólogas sobre el trabajo en empresas de más de cien mil mujeres trabajadoras que quedó recogido en su libro Wage-Earning Women (1910).;Anne_Marion.jpg;Estados Unidos
Areta;De Cirene;s.V a.c;s.IV a.c;5;"Fue una filósofa de la escuela cirenaica. Aprendió filosofía de su padre, Aristipo, que fue alumno de Sócrates. A su vez, enseñó filosofía a su hijo, Aristipo el Joven, por lo que este fue apodado ""Metrodidactos""";aretacirene.jpg;Grecia
Asli;Demirguc-Kunt;1961;;7;Dirige la investigación en el Banco Mundial;Asli Demirguc-Kunt_.jpg;Turquía
Aspasia;De Mileto;470 a.c;400 a.c;5;Maestra de retórica y logógrafa, tuvo gran influencia en la vida cultural y política en la Atenas del Siglo de Pericles.;Aspasie.jpg;Grecia
Ayn;Rand;1905;1982;5;Desarrolló un sistema filosófico conocido como «objetivismo». Rand defendía el egoísmo racional, el individualismo y el capitalismo laissez faire, argumentando que es el único sistema económico que le permite al ser humano vivir como tal, es decir, haciendo uso de su facultad de razonar. En consecuencia, rechazaba absolutamente el socialismo, el altruismo y la religión.1?;_Ayn_Rand.jpg;Rusia ( Norteaméricana)
Bahriye;Üçok;1919;1990;8;"En 1957 obtuvo su PhD con su tesis sobre ""Dirigentes femeninas en países islámicos"", y finalmente fue nombrada profesora, siendo la primera mujer con ese cargo en la Universidad de Anakara. A partir de su dominio tanto del árabe como del persa realizó una interpretación moderna del Corán. Declaró que el tradicional Hiyab no es obligatorio para el Islam, y a partir de esas declaraciones comenzó a recibir amenazas de la organización ""Movimiento Islámico"" (en turco, ?slami Hareket). No mucho más tarde, el 6 de octubre de 1990, fue asesinada por medio de una carta bomba mientras intentaba abrir un paquete en la puerta de su casa. El asesinato continúa si resolverse.";bahriyeucok.jpg;Turquía
Barbara;Ransby;1957;;1;Ransby es profesora de estudios afroestadounidenses y estudios de género y de la mujer en la Universidad de Illinois en Chicago. Ransby fue elegida presidenta de la Asociación Nacional de Estudios de la Mujer por un período de dos años, que comenzó en noviembre de 2016. Es partidaria del Movimiento por la Vida Negra.;barbaraRansby.jpg;Norteaméricana
Barbara;Fredrickson;1964;;6;;Barbara-Fredrickson.jpg;Norteaméricana
Barbara Doreen;Massey;1944;2016;4;;Doreen_Massey.jpg;Europa (Británica)
Bertha;Porter;1852;1941;1;Eecopiladora y bibliógrafa inglesa conocida por su papel editorial en la compilación de la obra egiptológica Bibliografía Topográfica de Textos Jeroglíficos, Relieves y Pinturas del Antiguo Egipto;;Europa
Bertha;Becker;1930;2013;4;;BeckerBertha.jpg;América Latina (Brasil)
Betty;Friedan;1921;2006;6;"La mística de la feminidad un libro clave en la historia del pensamiento feminista y considerado como uno de los libros de no ficción más influyentes del siglo XX. Publicado por WW Norton & Company, había vendido más de tres millones de copias en el año 2000. ""el problema que no tiene nombre""";Betty_Friedan_1960.jpg;Norteaméricana
Blanca;Fernández Viguera;1951;;8;"Profesora de Trabajo Social e impulsora de los estudios de género en la Universidad Pública de Navarra. En 2018, fue la primera persona galardonada con el recién creado Premio Berdinna del Gobierno de Navarra. Entre sus líneas de investigación principales destacan la feminización de la pobreza, exclusión social y género; la violencia de género; la transversalidad de género en los estudios universitarios y el desarrollo de planes de igualdad.";blancafernandezvigueraA.jpg;España
Brenda;Milner;1918;;6;"Neuropsicóloga que ha contribuido ampliamente a la investigación científica en varios campos de la neuropsicología clínica, ? a veces referida como ""la fundadora de la neuropsicología"".Ha sido pionera en el estudio de la memoria y otras funciones cognitivas en seres humanos. Estudió los efectos de lesiones en el lóbulo temporal medial sobre la memoria y describió sistemáticamente los déficits en el paciente más famoso en neurociencia cognitiva,";Brenda_Milner.jpg;Canadá
Capitolina;Díaz Martínez;1952;;8;Especializada en Sociología de la Educación, Sociología del Género y Metodología de las Ciencias Sociales. Ha sido primera directora de la Unidad de Mujeres y Ciencia (2006-2008) y Directora General para la Igualdad en el Empleo del Gobierno de España (2008-2010). Desde el 2012 es profesora de la Universidad de Valencia y desde octubre de 2013 es presidenta de la Asociación de Mujeres Investigadoras y Tecnólogas.;CapitolinaDiaz.jpg;España
Carmen;Reinhart;1955;;7;Se trata de una investigación basada en series estadísticas históricas de 14 crisis anteriores, entre ellas la Gran Depresión, que demostraron que la crisis económica recientemente desatada, seguía el mismo modelo de las crisis anteriores.;Carmen_M._Reinhart.jpg;Norteaméricana (origen Cuba)
Carmen (María Isabel Carvajal Quesada);Lyra;1887;1949;9;;;Costa Rica
Carol;Berkin;1942;;1;Es una historiadora americana y autora especializada en el papel de la mujer en la historia colonial americana.;carol_berkin.jpg;Norteamérica
Carolina;Agazzi;1870;1945;9;Trabajaron en el ámbito de la educación infantil, desarrollando el método Agazzi, que pretende formar niños capaces de actuar por iniciativa propia. Los pilares de su sistema son la educación sensorial, la instrucción intelectual y la educación del sentimiento.;;Italia
Catharine;Trotter;1679;1749;5;Fue una novelista, dramaturga y filósofa inglesa. Escribió novelas y obras dramáticas. Su obra The Fatal Friendship es considerada la mejor, representada en 1698. Las obras dramáticas de Trotter encontraron un modesto éxito de público y alabanzas por parte de la crítica.;;Reino Unido
Catherine;Clinton;1952;;1;Catherine Clinton es la Profesora Denman de Historia Americana en la Universidad de Texas en San Antonio. Se especializa en historia estadounidense, con énfasis en la historia del sur, la guerra civil estadounidense, las mujeres estadounidenses y la historia afroamericana;;Norteamérica
Catherine;Hall;1946;;1;"Es una historiadora feminista británica. Desde 2009, es profesora de Modern British Social and Cultural History en el University College London. Su obra explora la interrelación entre la metrópoli y la colonia en un intento de reescribir la narrativa de ciertos aspectos de la ""historia británica"" de mediados del siglo XIX.";catherine_hall.jpg;Europa
Celia;Amorós;1944;;5;Escritora y ensayista española, teórica del feminismo. Referente clave en el llamado feminismo de la igualdad ha centrado una parte importante de su investigación en la construcción de las relaciones entre Ilustración y feminismo;Celia_Amorós.jpg;Europa
Chantal;Delsol;1947;;5;"Fundó el Instituto Hannah Arendt en 1993 y se convirtió en miembro de la Academia de Ciencias Morales y Políticas en 2007. Discípula de Julien Freund, también descrito como un ""liberal-conservador"". Las ideas principales de Chantal Delsol derivadas del liberalismo o el federalismo, o el principio de subsidiariedad basan en el de la singularidad";Chantal_Delsol.jpg;Francia
Charlotte;Erickson;1923;2008;1;Charlotte J. Erickson era una historiadora estadounidense. En 1976-78, fue becaria distinguida Sherman Fairchild en el California Institute of Technology. En 1982, fue catedrática Paul Mellon de Historia Americana en la Universidad de Cambridge.;Charlotte_Erickson.jpg;Europa
Charlotte;Perkins Gilman;1860;1935;8;"Fue una intelectual norteamericana multidisciplinar, muy activa en defensa de los derechos civiles de las mujeres entre finales de 1890 y mediados de 1920. Su obra más conocida es ""El papel pintado amarillo""? publicada en 1892, un relato breve con tintes autobiográficos escrito tras una profunda depresión postparto. Su utopía ""Herland"" (1915), es considerada la precursora de la ciencia-ficción feminista moderna. Su figura servirá de modelo para futuras generaciones de mujeres debido a sus ideas y su estilo de vida poco ortodoxo para la época.";Charlotte_Perkins_Gilman.jpg;Estados Unidos
Christine;Ladd-Franklin;1847;1930;6;"Matemática, fue profesora de lógica y psicología de la Universidad de Colúmbia hasta el 1929.

Sus contribuciones a la lógica simbólica y su trabajo sobre la visión de los colores han sido considerados punteros.1? Además de su gran obra científica, fue una incansable luchadora por el acceso libre de las mujeres a las universidades y a las organizaciones científicas";Christine_Ladd-Franklin.jpg;Norteaméricana
Christine;Delphy;1941;;8;"Fue cofundadora del Movimiento de Liberación de las Mujeres en 1970 y de las revistas Questions féministes (1977-80, Cuestiones feministas) y, junto a Simone de Beauvoir, Nouvelles Questions féministes (de 1980 a la actualidad, Nuevas cuestiones feministas).
Pionera de la segunda ola del movimiento feminista en Francia y autora de importantes análisis sobre las desigualdades de género. Es reconocida como una de las principales arquitectas del pensamiento feminista contemporáneo, fundadora de la corriente teórica del feminismo materialista.";Christine_Delphyjpeg.jpeg;Francia
Cindi;Katz;1954;;4;;cindi_katz.jpg;Norteamérica
Clara Elisabeth;Collet;1860;1948;7;Clara Collet fue una reformadora social británica. Fue fundamental en la realización de muchas reformas que mejoraron en gran medida las condiciones de trabajo y el pago de las mujeres durante la primera parte del siglo XX. título de Máster en Economía Política en 1885, siendo la primera mujer en alcanzarlo.;Clara-Collet.jpg;Europa
Claudia;Goldin;1946;;7;;Claudia_Goldin.jpg;Norteaméricana
Concepción;Sáinz Amor;1897;;9;;;España
Consuelo;Meza Márquez;?;;8;Estudió la licenciatura en Sociología en la Universidad Autónoma de Aguascalientes, se especializó en Sociología de la Cultura y realizó su maestría en Ciencias del Hombre, ambas por la Universidad Autónoma de Aguascalientes. Es Doctora en Humanidades por la Universidad Autónoma Metropolitana-Iztapalapa? en la línea de Teoría Literaria con la tesis Escritoras Contemporáneas Centroamericanas: Identidad y Crítica Socioliteraria Feminista.;Dra.-Consuelo-Meza-Marquez.jpg;México
Corine;Scheilf;;;1;Profesora e historiadora del arte que investiga, enseña y escribe sobre arte medieval, arte del Renacimiento, teoría del arte feminista y las motivaciones detrás de la creación y destrucción del arte;schleif.jpg;Norteamérica
Cristina;Romer;1958;;7;;Christina_Romer.jpg;Norteaméricana
Cristine;De Pizán;1364;1430;5;Filósofa, poeta humanista y escritora. Su obra más conocida es La ciudad de las damas (1405), considerada por algunas autoras como precursora del feminismo occidental y se sitúa en el inicio de la llamada querella de las mujeres, un debate literario surgido en torno a la situación de las mujeres y su defensa frente a la situación de subordinación que marcaba la época.;Christine_de_Pisanjpg.jpg;Italia/Francia
Danbusa;Moyo;1969;;7;Doctorado en ciencias económicas por la Universidad de Oxford, un máster en la Universidad de Harvard, un MBA en finanzas y una licenciatura en químicas en la Universidad de Washington. Trabajó como consultora del Banco mundial de 1993 a 1995 y en Goldman Sachs de 2001 a 2008, donde fue jefe de investigaciones económicas y estratégicas para el África subsahariana.;Dambisa_Moyo3.jpg;Zambia
Deirdre;McCloskey;1942;;7;Su disertación sobre el hierro y acero británicos entre 1870 y 1913 obtuvo el premio David A. Wells Prize en economía.3? Se ha destacado por sus contribuciones desde los 60 en la historia económica de Gran Bretaña, la cuantificación de la investigación histórica, la retórica de la economía, la retórica en las ciencias humanas, la metodología en economía, axiología, economía feminista, economía heterodoxa, el papel de las matemáticas en el análisis económico y el buen (y mal) uso de las pruebas de significancia en economía. Ha argumentado que en economía se suelen celebrar los resultados estadísticamente significantes pero ignorando su significancia económica;Deirdre_McCloskey.jpg;Norteaméricana
Diana;Russell;1938;;8;"Durante más de 40 años ha investigado sobre violación, incesto, feminicidio y las relaciones entre la pornografía y la violencia sexual en Estados Unidos convirtiéndose en una autoridad en el tema en el ámbito internacional. Para Diana Russell la supremacía patriarcal de género de los hombres sitúa la violencia contra las mujeres como un ""mecanismo de control, sujeción, opresión, castigo y agresión dañina que a su vez genera poder para los hombres"".";diana_russell.jpg;Sudáfrica
Diane;Elson;1946;;7;Es una economista británica, socióloga e investigadora social sobre género y desarrollo .Es profesora emérita de sociología en la Universidad de Essex y profesora de estudios de desarrollo en la Universidad de Mánchester. Es reconocida por su trabajo sobre Desarrollo y Derechos Humanos. Uno de sus temas de trabajo más recientes es sobre desigualdad de género y derechos económicos y sociales;diane-elson.jpg;Británica
Diane;Elson;1946;;8;es una economista británica, socióloga e investigadora social sobre género y desarrollo.? Es profesora emérita de sociología en la Universidad de Essex y profesora de estudios de desarrollo en la Universidad de Mánchester. Es reconocida por su trabajo sobre Desarrollo y Derechos Humanos. Uno de sus temas de trabajo más recientes es sobre desigualdad de género y derechos económicos y sociales.? Es autora de los libros Male Bias in the Development Process, y Budgeting for Women's Rights: Monitoring Government Budgets for Compliance with CEDAW (Concepts and Tools), y de muchos otras publicaciones y artículos. También ha trabajado como asesora de UNIFEM y es la presidenta del Women's Budget Group de Reino Unido.6? Ganó el premio Leontief en 2016, junto con Amit Bhaduri.;;Reino Unido
Donna;Haraway;;;5;"Profesora emérita distinguida del programa de Historia de la Conciencia en la Universidad de California, es la autora de «Cyborg Manifesto» (1985) «Primate Visions: Gender, Race, and Nature in the World of Modern Science» (1989), «Simians, Cyborgs, and Women: The Reinvention of Nature» (1991) y ""When species meet"" (2008).1?";Donna_Haraway_and_Cayenne.jpg;Estados Unidos
Donna;Haraway;1944;;8;"Donna Haraway (Denver, Colorado, 1944) profesora emérita distinguida del programa de Historia de la Conciencia en la Universidad de California, es la autora de «Cyborg Manifesto» (1985) «Primate Visions: Gender, Race, and Nature in the World of Modern Science» (1989), «Simians, Cyborgs, and Women: The Reinvention of Nature» (1991) y ""When species meet"" (2008).";;Estados Unidos
Doria;Shafik;1908;1975;5;Activista feminista, filósofa, editora y poeta egipcia y una de las principales promotoras de los derechos de la mujer en Egipto desde mediados de la década de los cuarenta del siglo XX. Inició un movimiento por los derechos de las mujeres en Egipto cuando en 1951, junto a 1500 mujeres, irrumpió en el Parlamento exigiendo derechos políticos plenos, igualdad salarial y reformas en las leyes de estado civil.;Doria_Shafik.jpg;Egipto
Dorothy;George;1878;1971;1;Fue una historiadora británica conocida por compilar los últimos siete volúmenes del Catálogo de sátiras políticas y personales conservadas en el Departamento de Grabados y Dibujos en el Museo Británico, la principal obra de referencia para el estudio del estudio satírico británico;Marydorothy_george.jpg;Británica
Drew;Gilpin Faust;1947;;1;Es una historiadora estadounidense, administradora universitaria y la primera mujer presidente de la Universidad de Harvard. cátedra de historia Walter Annenberg. Como especialista en la historia sureña en el período antebellum y la guerra Civil, Faust elaboró nuevas perspectivas sobre la historia intelectual del sur y los roles de la mujer durante la guerra civil. Es autora de cinco libros, entre los que se destaca Mothers of Invention: Women of the Slaveholding South in the American Civil War, por el cual obtuvo en 1997 el premio Francis Parkman otorgado por la Sociedad estadounidense de historiadores.;Drew_Faust.jpg;Norteamérica
Edith;Abbott;1876;1957;7;Economista, trabajadora social, educadora, y escritora estadounidense. Abbott era aborigen de Grand Island.? Edith Abbott fue una pionera en la profesión de trabajo social con una formación académica en economía;Edith_Abbott.jpg;Norteaméricana
Edith;Penrose;1914;1944;7;Economista británica nacida en Estados Unidos cuyo trabajo más conocido es La teoría del crecimiento de la empresa, que describe las formas en que las empresas crecen y qué tan rápido lo hacen;Edith-Penrose.jpg;Norteaméricana
Eleanor;Duckett;1880;1976;1;"También es filóloga. Initially, Duckett was known for writing accessible historical books on the Middle Ages; later, she acquired a reputation as an authority on early medieval saints. A devout Episcopalian, Duckett was the lifelong companion of novelist Mary Ellen Chase.";eleanor_ducket.jpg;Europa
Eleanor;Maccoby;1917;2018;6;"Psicóloga estadounidense reconocida por sus investigaciones y contribuciones académicas en el campo de la psicología infantil y familiar. Sex differences; gender development; gender differentiation; parent-child relations; child development; personality and social development.";emaccoby.jpg;Norteaméricana
Eleonora;Menicucci;1944;;8;Graduada en ciencias sociales en la Universidad Federal de Minas Gerais, Eleonora es profesora titular de Salud colectiva de la Universidad de San Pablo.? Afiliada al Partido de los Trabajadores, pertenece al movimiento feminista, siendo defensora de la legalización del aborto en Brasil.;Eleonora_Menicucci.jpg;Brasil
Elina;González Acha de Correa Morales;1861;1942;4;;Elina_González_Acha_de_Correa_Morales.jpg;América Latina (Argentina)
Elinor;Ostrom;1933;2012;7;Es considerada una de las estudiosas más destacadas en el área de recursos compartidos o bienes comunes, en particular, cómo los seres humanos interactúan a fin de mantener a largo plazo los niveles de producción de recursos comunes.? Premio Nobel;ElinorOstrom.jpg;Norteaméricana
Elisabeth;Loftus;1944;;6;"Matemática y psicóloga norteamericana que trabaja en el ámbito de la memoria humana y cómo esta puede ser modificada. matemática y psicóloga norteamericana que trabaja en el ámbito de la memoria humana y cómo esta puede ser modificada.

Elizabeth Loftus es una profesora de la Universidad de California, Irvine, en la que desarrolla su labor en los Departamentos de Psicología y Comportamiento Social y Criminología, Derecho y Sociedad.";Elizabeth_Loftus.jpg;Norteaméricana
Elisabeth;Boody Schumpeter;1898;1953;7;;;Norteaméricana
Ellen;Churchill Semple;1863;1932;4;;Ellen-Churchill-Semple.jpg;Norteaméricana
Ellen Kay;Trimberger;1940;;8;Es profesora de la Universidad de Sonoma State,2? en la Universidad Estatal de California. Autora de obras como Revolution from above: Military Bureaucrats and Development in Japan, Turkey, Egypt, and Peru (Transaction Books, 1978)? o The New Single Woman (Beacon Press, 2005),? entre otras, además del capítulo «Feminism, Men, and Modern Love: Greenwich Village, 1900-1925» de Powers of Desire: The Politics of Sexuality (Monthly Review Press, 1983).;kay-trimberger.jpg;Estados Unidos
Elsie Worthington;Clews Parsons;1875;1941;3;Fue una antropóloga, socióloga, folklorista y feminista norteamericana que estudió a las tribus Nativas americanas -como los Tewa y los Hopi-en Arizona, Nuevo México y México. Ayudó a fundar La Nueva Escuela.Trabajó como editora asociada en la Revista de Folclore Americano (1918-1941), fue presidente de la Sociedad Americana de Folclore (1919-1920), presidente de la Sociedad Etnológica Americana (1923-1925), y fue elegida como la primera presidente mujer de la Asociación Americana de Antropología (1941) meses antes de su muerte?;Elsie_Worthington_Clews_Parsons.jpg;Norteaméricana
Erminie A.;Smith;1836;1886;3;Oficina de Etnología Estadounidense del Instituto Smithsoniano,1? es considerada la primera etnóloga de campo.;erminnie-smith.jpg;Norteaméricana
Ester;Boserup;1910;1999;7;"Boserup trabajó entre 1935 y 1947 para el gobierno danés, en un periodo que incluyó la ocupación alemana y la reconstrucción tras la guerra. Como jefe de la oficina de planeamiento, pudo observar de primera mano los efectos de las subvenciones sobre la agricultura en Dinamarca. Cuando en 1947 se trasladó a Ginebra para trabajar para la Comisión Económica de Europa, de las Naciones Unidas, su trabajo también se centró en el comercio internacional, que era principalmente de productos agrícolas, como en el caso danés. Años más tarde escribiría extensamente sobre los efectos negativos de la ayuda alimentaria sobre la producción agrícola en África. También comenzó a interesarse por la relación entre población, agricultura, comercio e industria; por ejemplo se interesaba en la posible explicación del bajo crecimiento de la industria francesa mediante su escaso incremento demográfico.1?";Ester_Boserup.jpg;Danesa
Esther;Duflo;1972;;7;Experta en Economía del Desarrollo. Sus investigaciones se centran en aspectos microeconómicos de países en vías de desarrollo, incluyendo el comportamiento de las familias, educación, acceso a financiamiento, salud y evaluación de políticas públicas.;Esther_Duflo.jpg;Francia
Esther;Pineda G.;1985;;8;"Ha desarrollado en su obra aspectos como la concepción machista y misógina que ha existido sobre la mujer en la filosofía y la sociología, los estereotipos y roles de género en el seno de la institución familiar, la violencia de género y el femicidio, los discursos y representaciones sexistas en los medios de comunicación, los concursos de belleza?, los dibujos animados y los videojuegos?; y acuñó el término 'violencia estética' para visibilizar las presiones y formas de discriminación que experimentan las mujeres para responder al canon de belleza imperante y el impacto que éste tiene en sus vidas.";Esther_Pineda.jpg;Venezuela
Estíbaliz;De Miguel Calvo;1974;;8;Doctora en Sociología por la Universidad del País Vasco (UPV/EHU) e investigadora en el Morgan Centre-Para el Estudio de las Relaciones Sociales y la Vida Personal en la Universidad de Mánchester, supervisada por la catedrática Carol Smart. Sus trabajos se han dirigido principalmente a dar a conocer el estigma y la mala imagen con la que viven las mujeres en prisión por lo que son, según De Miguel, doblemente victimizadas, son consideradas delicuentes y no se da credibilidad a sus testimonios a la hora de denunciar abusos en el interior de las cárceles.;EstivalizdeMiguelCalvo.jpg;España
Ethel W.;Burney;1899;1972;1;Ethel W. Burney es autora de Topographical Bibliography Of Ancient Egyptian Hieroglyphic Texts, Reliefs, And Paintings.;;
Eva Alterman;Blay;1937;;8;"Es una pionera del derecho de las mujeres en el Brasil, y es fundadora del Centro de Estudios de Género, y de los Derechos de la Mujer, de la Universidad de São Paulo.? Se ha especializado en relaciones de género, violencia, identidades étnicas; e inmigración judaica.";EvaAltermanBlay.jpg;Brasil
Fátima;Mernissi;1940;2015;8;Doctora en sociología, profesora y gran estudiosa del Corán, publicó varias obras comprometidas, algunas de ellas prohibidas en su Marruecos natal por escesivamente revolucionarias.;FatimaMernissi.jpg;Marruecos
Frances;Densmore;1867;1957;3;Fue una antropóloga y etnógrafa estadounidense nacida en Red Wing, Minnesota. Densmore es conocida por sus estudios de música y cultura nativa americana, y en términos modernos, puede ser descrita como una etnomusicóloga.;Frances_Densmore.jpg;Norteaméricana
Francesca;Bonnemaison;1872;1949;9;;;España
Gabriela;Mistral;1889;1957;9;"Bajo el seudónimo de Gabriela Mistral, Lucila Godoy Alcayaga? fue una poeta, diplomática y pedagoga chilena.
Se convirtió en una importante pensadora respecto al rol de la educación pública, llegó a participar en la reforma del sistema educacional mexicano.
Por su trabajo poético, recibió el premio Nobel de Literatura en 1945, fue la primera mujer iberoamericana y la segunda persona latinoamericana en recibir un premio Nobel.";;Chile
Gargi;Vachaknavi;s.VII a.c;;5;Filósofa de la antigua India. En la literatura védica, es honorada como una gran filósofa natural o de las ciencias naturales, renombrada exponente del Vedas,? y conocida como Brahmavadini, una persona con conocimiento de Brahma Vidya En el Sexto y el octavo Brahmana de Brihadaranyaka Upanishad, su nombre es importante ya que participa en el brahmayajna, un debate filosófico organizado por el Rey Janaka de Videha y allí desafía al sabio Yajnavalkya con preguntas desconcertantes sobre el asunto de atman (alma).;gargi-vachaknavi.jpeg;Antigua India
Gelya;Frank;;;3;Es profesora de doctorado en la División de Ciencias Ocupacionales y Terapia Ocupacional de la USC Chan y en el Departamento de Antropología de Dornsife College. Colaborador de las disciplinas de ciencias del trabajo y antropología médica.;Frank_Gelya.jpg;Norteaméricana
Georgina Isabel;Jiménez López;1904;1994;8;Socióloga, escritora, catedrática, investigadora, feminista y activista de los derechos de las mujeres. Fue la primera profesora de sociología en su país y llegó a ser responsable de la Cátedra de Sociología de la Universidad de Panamá, además de decana de varias facultades.Además, fue socia fundadora de la Asociación de Mujeres de la Universidad de Panamá, entre otras organizaciones relevantes.;Georgina_Jiménez_de_López.jpg;Panamá
Gerda;Lerner;1920;2013;1;"Lerner fue una de las fundadoras de la rama de Historia de las mujeres. En 1963, mientras estaba estudiando en la Nueva Escuela de Investigaciones Sociales, impartió el curso Grandes mujeres en la historia americana"", considerado como el primer curso universitario regular impartido en esta materia.""";Gerda_Lerner.jpg;Origen Austria Norteaméricana
Guillian;Rose;1947;1995;4;;grose.png;Europa
Hannah;Arendt;1906;1975;5;Fue una filósofa y teórica política? alemana, posteriormente nacionalizada estadounidense, de origen judío y una de las personalidades más influyentes del siglo XX;Hannah_Arendt.jpg;Alemania/Estados Unidos
Harriet;Bulkeley;1972;;4;;bulkeley-h.jpg;Europa
Harriet;Taylor Mill;1807;1858;5;Filósofa inglesa del feminismo, luchadora por los derechos humanos. Su segundo esposo fue John Stuart Mill, uno de los pensadores preeminentes del siglo XIX. Sus escritos pueden ser encontrados en The complete works of Harriet Taylor Mill.;Harriet_Mill.jpg;Reino Unido
Harriet;Martineau;1802;1876;7;Martineau ha sido apodada como una de las «Hijas de Smith», ya que adaptó su trabajo a una audiencia posterior. Su trabajo se centró en la materia tributaria y de política económica. Tras viajar por un joven Estados Unidos escribió su libro La sociedad en América. Ha pasado a la historia por desarrollar el origen de los procesos de producción y la división del trabajo, y también por combinar literatura y economía, logrando textos comprensibles para la mayoría. Fue, además, una feminista activa.;Harriet_Martineau.jpg;Británica
Harriet;Martineau;1802;1876;8;"Gran defensora de los derechos de la mujer, aconsejaba educar de forma equivalente a niñas y varones, pues las capacidades intelectuales eran las mismas. Viajó en 1834 a Estados Unidos donde apoyó activamente el movimiento abolicionista y uso como metáfora demoledora la diferencia entre los caballos y los esclavos: ""los dueños de los caballos no abusaban sexualmente de ellos"".";Harriet_Martineau.jpg;Reino Unido
Harriet;Chalmers Adams;1875;1937;4;Fundó la Sociedad de Mujeres Geógrafas;Harriet_Chalmers_Adams.jpg;Norteaméricana
Hasia;Diner;1946;;1;"Historiadora estadounidense. Diner es la profesora Paul S. y Sylvia Steinberg de historia judía estadounidense; Profesor de Hebreo y Estudios Judaicos, Historia; y director del Centro Goldstein-Goren para la Historia Judía Americana en la Universidad de Nueva York";Hasia_diner.jpeg;Norteamérica
Helen;Thompson Woolley;1874;1947;6;Una psicóloga pionera en los estudios de las diferencias de género, así como en la educación infantil y el bienestar.;woolleyhelenthompson.jpg;Estados Unidos
Helen;Parkhurst;1887;1953;9;;;Estados Unidos
Helen (Adams);Keller;1880;1968;9;;;Estados Unidos
Helena;Lange;1.848;1930;9;"Pedagoga y defensora de los derechos de las mujeres, participó en diferentes asociaciones profesionales de profesoras y publicó textos donde se criticaba la educación femenina del momento.
Como miembro del Parlamento alemán, se implicó en la lucha por la igualdad de oportunidades en el ámbito laboral y educativo, llegando incluso a fundar varias escuelas e institutos de secundaria para proteger esa igualdad.";;Alemania
Henriette;Moore;1957;1978;3;"La doctora Henrietta L. Moore es una destacada antropóloga social, internacionalmente reconocida por sus aportaciones a la teoría antropológica feminista y a los estudios de género. Ha desarrollado un enfoque distintivo para el estudio comparativo del género y la sexualidad, así como para el análisis de las intersecciones entre la cultura, género y globalización. Es profesora de Antropología Social de la Universidad de Cambridge, Reino Unido.
Moore ha llevado a cabo largas investigaciones en África y Melanesia, que se han centrado en las relaciones de género, las estrategias de vida, la transformación social y el desarrollo. Asimismo ha sido invitada a participar en numerosas conferencias en Estados Unidos, Alemania, Noruega y Sudáfrica, entre otros lugares.
En 2007 fue elegida miembro de la Academia Británica. Es integrante de la Royal Society of Arts, de la Asociación de Antropólogos Sociales del Reino Unido y de la Commonwealth.";HenriettaMoore.jpg;Europa
Hilda;Johnstone;1882;1961;1;Historiadora británica y una de las primeras profesoras en el sistema universitario de Londres.;HildaJohnstone.jpg;Europa
Hiparquía;De Maronea;360 a.c;280 a.c;5;Fue una de las primeras mujeres filósofas. Convivió, pese a la inicial oposición de su familia, con Crates de Tebas y compartió con él la peculiar forma de vida de la escuela cínica.;Hipparchia_of_Maroneia_Villa_Farnesina.jpg;Grecia
Ida;Altman;1950;;1;Altman es conocida como historiadora social por su investigación primaria sobre los patrones de migración y las migraciones individuales en el período colonial español y los efectos de las comunidades de origen en el Viejo Mundo sobre las economías y el desarrollo social de las comunidades de destino en el Nuevo Mundo, y viceversa.;;Norteamérica
Indira Isabel;Huilca Flores;1988;;8;En las elecciones parlamentarias realizadas en Perú el 10 de abril de 2016 postuló como candidata al Congreso por Lima por la coalición Frente Amplio por Justicia, Vida y Libertad y fue elegida congresista.? En su labor parlamentaria, ha sido Presidenta de la Comisión de Mujer y Familia, así como miembro titular de la Comisión de Trabajo y Seguridad Social? ocupándose de los derechos de la mujeres, de los trabajadores, de la comunidad LGTBI, entre otros.;Indira_Huilca_Flores.jpg;Perú
Inés;Alberdi;1948;;8;Fue la última Directora Ejecutiva del Fondo de las Naciones Unidas para las Mujeres (UNIFEM) antes de su fusión en ONU Mujeres. Ejerció el cargo de Directora Ejecutiva de UNIFEM desde abril de 2008 a finales de 2010. Con su nombramiento, Inés Alberdi se convirtió en la cuarta Directora Ejecutiva de UNIFEM, sucediendo en el cargo a Noeleen Heyzer de Singapur (1994-2007), Sharon Capeling-Alakija de Canadá (1989-1994) y a Margaret Snyder de los Estados Unidos (1978-1989).;Ines_Alberdi.JPG;España
Inmaculada;Mujika Flores;1959;;8;Activista feminista y directora de los Servicios para Gays, Lesbianas y Transgéneros ALDARTE en el País Vasco. Pionera en la promoción de estudios y divulgación sobre el colectivo LGTBI en el País Vasco.;Inmaculada_Mujika_Flores.jpg;Marruecos
Irene;Dölling;1942;;8;Actualmente profesora emérita de Estudios de la Mujer, habiéndose retirado de su función de dedicación exclusiva en la Universidad de Potsdam a principios de 2008. Cofundó, con Hildegard Maria Níquel (de), el Centro de interestudios de género disciplinario (ZtG / Zentrum für transdisziplinäre Geschlechterstudien) en la Universidad Humboldt de Berlín el 8 de diciembre de 1989.;irene_doelling.jpg;Alemania
Irma;Adelman;1930;2017;7;Sus contribuciones más notables a la economía buscan la aplicación de modelos matemáticos para la planificación del desarrollo. Ha utilizado técnicas de análisis multivariables para estudiar las interacciones entre las fuerzas productivas, sociales y económicas en los países en vías de desarrollo.;Irma_Adelman.png;Norteaméricana (origen Rumanía)
Isabel;de Bohemia y del Palatinado;1618;1680;5;El prestigio intelectual que le había dado su relación con Descartes hizo que se la requiriera para enseñar filosofía cartesiana en esa prestigiosa Universidad de Heilderberg.;Elisabeth_of_Bohemia.jpg;Alemania
Jane;Addams;1860;1935;8;Trabajadora social feminista, pacifista y reformadora estadounidense. En 1889 fundó junto a Ellen Gates Starr la Hull House, una de las primeras casas de acogida de Estados Unidos que hoy en día es un museo.;Jane_Addams.jpg;Estados Unidos
Janet;Spector;1944;2011;1;Arqueóloga estadounidense conocida por su contribución en la arqueología de género y la etnoarqueología;Janet_D._spector.jpg;Norteamérica
Janet;Currie;;;7;;janetCurrie.jpg;Canadá
Janet;Yellen;1946;;7;Economista estadounidense, de origen judío, que recibió el doctorado de la Universidad de Yale en 1971. Fue la presidenta del Sistema de la Reserva Federal entre febrero de 2014 y febrero de 2018.;Janet_Yellen.jpg;Norteaméricana
Janice;Boddy;1951;;3;Antropólogo canadiense, actualmente Profesor de Antropología en la Universidad de Toronto. Boddy se especializa en antropología médica, religión, cuestiones de género y colonialismo en Sudán y Oriente Medio. insta a una contextualización cultural de la mutilación genital femenina en África por parte de quienes desean erradicarla. Se cree que Boddy fue la primera mujer de la Universidad de Toronto Scarborough en ser seleccionada para la Royal Society of Canada.;Boddy_Janice.jpg;Norteaméricana (canadá)
Jennifer;Saul;;;5;;JenniferSaul.jpg;Reino Unido
Jimena;Menéndez-Pida Goyril;1901;1990;9;;;España
Joan;Evans;1893;1977;1;"Fue una historiadora inglesa de arte medieval francés e inglés, sobre todo de la joyería medieval moderna temprana; su notable colección fue legada al Museo de Victoria y Alberto de Londres.?? Como miembro de la Sociedad de Anticuarios de Londres, se desempeñó como la primera mujer presidente de esta institución entre 1959 y 1964. En 1950, su libro Cluniac Art of the Romanesque Period, que versaba sobre el arte y las esculturas hechas por los monjes de la abadía de Cluny, en el este de Francia, fue publicado por Cambridge University Press.";Joan_Evans.jpg;Europa
Joan;Gero;1944;2016;1;Fue arqueóloga estadounidense y pionera de la arqueología feminista. Su investigación se centró en cuestiones de género y poder en la prehistoria, particularmente en las regiones andinas de Argentina y Perú. Con Margaret Conkey coeditó el volumen que Engendering Archaeology: Women and Prehistory, publicado en 1991 que se convirtió en un referente en la arqueología de género.;joan_gero.jpg;Norteamérica
Joan;Kelly-Gadol;1928;1982;1;"Fue una destacada historiadora estadounidense que escribió sobre el Renacimiento italiano, concretamente sobre Leon Battista Alberti. Entre sus obras más conocidas se encuentra el ensayo ""Did Women Have a Renaissance"", publicado en 1977. El artículo cuestionaba la historiografía contemporánea del Renacimiento, argumentando que el poder y la agencia de la mujer declinaron durante el período moderno temprano.";joanKelly.jpg;Norteamérica
Joan;Scott;1941;;1;Es una historiadora estadounidense especializada en historia de Francia, así como en la historia de las mentalidades, con importantes contribuciones en el campo de la historia de género e historia de la mujer e historia intelectual.;Joan_scott.jpg;Norteamérica
Joan;Robinson;1903;1983;7;Sus primeros aportes en economía fueron en el área de la competencia imperfecta, oponiendo una variante a la tradición neoclásica-marshalliana que dicotomizaba la economía en la competencia perfecta o el monopolio absoluto. Robinson participó como colaboradora en la obra máxima de Keynes publicada en 1936: la Teoría general de la ocupación, el interés y el dinero recibiendo el reconocimiento del autor en el prólogo de la obra.;Joan_Robinson.jpg;Norteaméricana
Joanne;Meyerowitz;1954;;1;"Su trabajo ha aparecido en la ""American Historical Review, Gender & History"", el ""Journal of Women's History"" y el ""Bulletin of the History of Medicine"".";Joanne Meyerowitz.jpg;Norteaméricana
Josefina;Gómez Mendoza;1942;;4;;Josefina_Gómez_Mendoza.jpg;Española
Judith;Butler;1956;;5;Filósofa post-estructuralista que ha realizado importantes aportes en el campo del feminismo, la teoría queer, la filosofía política y la ética. Autora de El Género en disputa. Feminismo y la subversión de la identidad y Cuerpos que importan.;JudithButler.jpg;Norteaméricano
Judith;Astelarra Bonomi;1943;;8;"Judith Astelarra Bonomi (Buenos Aires, 1943) es una socióloga hispanoargentina que tiene como líneas de acción la academia, la política y la militancia feminista.2?Se encuentra entre las intelectuales y pensadoras feministas hispanoamericanas más importantes de la actualidad.
Se licenció en Sociología en la Universidad Católica de Chile e hizo su máster y doctorado en la Cornell University (Ithaca, Nueva York). También realizó un doctorado en Ciencias políticas y Sociología en Universidad Complutense de Madrid.";judithastelarra.jpg;Argentina
Judith M.;Bennet;1951;;1;Bennett escribe y enseña sobre la Europa medieval, centrándose específicamente en el género, la historia de la mujer y los campesinos rurales.;judith_bennett.jpg;Norteamérica
Julia;Kristeva;1941;;5;Filósofa, teórica de la literatura y el feminismo, psicoanalista y escritora francesa de origen búlgaro. Su obra, de gran complejidad, se enmarca por lo general en la crítica del estructuralismo (neoestructuralismo y post-estructuralismo), con influencias de Claude Lévi-Strauss, Roland Barthes, Michel Foucault, Sigmund Freud y, ante todo, Jacques Lacan.;Julia_Kristeva.jpg;Bulgaria
Julie;Aigner-Clark;?;;9;Maestra y empresaria. Creó Baby Einstein cuando descubrió que no había juguetes o videos apropiados para la etapa infantil con los que compartir su interés por el arte, la música clásica, el lenguaje y la poesía. También es la fundadora de The Safe Side, una compañía dedicada a mantener a los niños seguros y a retribuir al Centro Nacional para Niños Desaparecidos y Explotados. Recientemente, Julie escribió un libro para niños titulado You Are the Best Medicine, inspirado en su propia batalla contra el cáncer de mama.;;Estados Unidos
Julieta;Kirkwood Bañados;1936;1985;8;Apuesta por la refundación del movimiento feminista chileno apoyado en el discurso académico. En su trabajo teórico pueden observarse propuestas asociadas al ámbito de los estudios de género pero desde una óptica feminista cercana al activismo, con una crítica hacia el discurso conservador del feminismo? y una mirada intercultural a la cultura latinoamericana.;julieta_kirkwood.jpg;Chile
Karen;Hagemann;1955;;1;"Karen Hagemann enseña historia moderna alemana y europea, historia militar e historia de la mujer y del género desde finales del siglo XVIII hasta finales del siglo XX. Su monografía más reciente, Revisiting Prussia's Wars against Napoleon: History, Culture, and Memory (Revisitando las guerras de Prusia contra Napoleón: Historia, cultura y memoria), fue publicada en Cambridge University Press en 2015 y ganó el Premio Hans Rosenberg al mejor libro de la historia de Europa Central en 2016 por ""Central European History Society"".";karen_hagemann.jpg;Europa
Karen;Horney;1885;1952;6;Una psicóloga y psicoanalista alemana naturalizada estadounidense. Sus teorías cuestionaron ciertos puntos tradicionales del pensamiento de Sigmund Freud, como por ejemplo, que las diferencias psicológicas entre el hombre y la mujer no son producto inherente de la biología humana, sino que deben su origen a diversos factores culturales y sociales. Su pensamiento es clasificado dentro del neofreudismo.;Karen_Horney_1938.jpg;Alemani/Norteaméricana
Kathleen;Barry;1941;;8;Activista en primera línea del feminismo radical en los años 60 y 70 fue pionera en la denuncia del tráfico de mujeres y la explotación sexual. Fue cofundadora de la ONG Coalición Contra el Tráfico de Mujeres (CATW) que con la Unesco planteó una serie de propuestas dirigidas a la Comisión de Derechos Humanos de las Naciones Unidas para que se considerara explícitamente como un derecho fundamental de la persona el estar libre de la explotación sexual. En 1985 recibió el Premio de la Fundación Wonder Woman por su compromiso en el empoderamiento de las mujeres.? Actualmente es profesora emérita de la Universidad Estatal de Pensilvania;Kathleen_Barry.jpg;Estados Unidos
Kathleen;Weiler;1941;;9;;;Estados Unidos
Katrina;Honeyman;1950;2011;1;Katrina Honeyman fue una historiadora económica británica y profesora de Historia Social y Económica en la Universidad de Leeds. Gran parte de su trabajo se centró en el papel de las mujeres y los niños en la industrialización en Gran Bretaña.;honeyman_katrina.jpg;Europa
Kimberlé;Crenshaw,;1959;;2;Kimberlé Williams Crenshaw es una académica estadounidense especializada en el campo de la teoría crítica de la raza, y profesora de la Facultad de Derecho de UCLA y la Facultad de Derecho de Columbia, donde se dedica a la investigación sobre temáticas de raza y género;Kimberlé_Crenshaw.jpg;Norteamérica
Lady;Conway;1631;1679;5;Filósofa inglesa del siglo XVII interesada en los debates sobre las hipótesis vitalista y mecanicista, visiones de la naturaleza en pugna durante el proceso de construcción de la ciencia moderna. Estuvo asociada con los platónicos de Cambridge, particularmente con Henry More (1614-1687), que fue su maestro, con quien compartió una gran amistad y afinidad intelectual, y quien descubrió que la joven Anne estaba traduciendo la obra de Descartes.;Anne-Conway.jpg;Reino Unido
Laura;Posner;1905;1990;6;Psicóloga y psicoterapeuta quien ayudó a establecer la escuela Terapia Gestalt de psicoterapia.;laura-perls.jpg;Alemania
Laurel;Thatcher Ulrich;1938;;1;"Es una historiadora estadounidense de la América primitiva y de la historia de la mujer, y profesora en la Universidad de Harvard. Su aproximación a la historia ha sido descrita como un homenaje al ""trabajo silencioso de la gente común"", un enfoque que, en sus palabras, pretende ""mostrar la interconexión entre lo público y lo privado"".";Laurel_Thatcher_Ulrich.jpg;Norteamérica
Leda;Cosmides;1957;;6;Psicóloga, que junto a su esposo el antropólogo John Tooby, ayudó a desarrollar el campo de la psicología evolucionista;Leda_Cosmides_.jpg;Norteaméricana
Leela;Dube;1923;2012;3;Fue una antropóloga de renombre y estudiosa feminista, a la que muchos llaman con cariño Leeladee. Fue viuda del antropólogo y sociólogo Shyama Charan Dube y hermana menor del fallecido cantante clásico Sumati Mutatkar.;Leela_dube.jpg;India
Leonore;Davidoff;1932;2014;8;Historiadora. En los 70 ayuda a crear la Biblioteca feminista (Londres, 1975). Su principal obra, Fortunas familiares: hombres y mujeres en la clase media inglesa 1780-1850 (coautora: Catherine Hall), fue calificada como un libro subversivo. En él reescribe la historia de la revolución industrial y de la clase media centrándose en la familia y los roles de la mujer.;;Estados Unidos
Leta;Stetter Hollingworth;1886;1939;6;Su investigación sobre la inteligencia y los niños dotados. Otra de sus contribuciones importantes fue su investigación sobre la psicología de la mujer. La opinión que prevalecía en ese momento era que las mujeres eran intelectualmente inferiores a los hombres y esencialmente semi-inválidas cuando estaban menstruando. Hollingworth cuestionó todas estas hipótesis y su investigación demostró que las mujeres eran tan inteligentes y capaces como los hombres, sin importar la hora del mes que era.;hollingworthleta.jpg;Norteaméricana
Lila;Abu-Lughod,;1952;;3;Profesora estadounidense de Antropología y Estudios de Género en la Universidad de Columbia en la Ciudad de Nueva York. Especialista en el mundo Árabe, sus siete libros -la mayoría basados en investigación etnográfica- abarcan temas que van desde el sentimiento y la poesía al nacionalismo y los medios de comunicación, desde la política de género a las políticas de la memoria.;Lila_Abu-Lughod.jpg;Norteaméricana- Palestina
Linda;Gordon;;;1;Es una feminista e historiadora estadounidense. Vive en la ciudad de Nueva York y en Madison, Wisconsin. Ganó el Premio Marfield para Dorothea Lange: Una vida más allá de los límites, y el Premio Antonovych para las rebeliones cosacas: La agitación social en la Ucrania del siglo XVI.;linda_gordon.jpg;Norteamérica
Linda;McDowell;1949;;4;;lmcdowell.png;Europa
Lisa;Adkins;1966;;8;Lisa Adkins is Head of the School of Social and Political Sciences at The University of Sydney. Her home Department is Sociology and Social Policy. She is also an Academy of Finland Distinguished Professor (2015-19). She has previously held Chairs in Sociology at the University of Manchester and at Goldsmiths, University of London. She has served as a member of the Australian Research Council's College of Experts (Social, Behavioural and Economic Sciences Panel), 2011-13.;LisaAdkins.png;Australia
Lizabeth;Cohen;1952;;1;Lizabeth Cohen es Profesora Howard Mumford Jones de Estudios Americanos y Profesora de Servicios Distinguidos de la Universidad de Harvard en el Departamento de Historia de Harvard. De 2011 a 18 años fue decana del Instituto Radcliffe de Estudios Avanzados. Su libro más reciente es Saving America's Cities: Ed Logue and the Struggle to Renew Urban America in the Suburban Age, publicado por Farrar, Straus y Giroux en octubre de 2019. Examina los beneficios y los costos de las estrategias cambiantes para reconstruir las ciudades estadounidenses después de la Segunda Guerra Mundial siguiendo la carrera del urbanista Edward J. Logue, quien supervisó importantes proyectos de renovación en New Haven, Boston y el estado de Nueva York desde la década de 1950 hasta la década de 1980.;Lizabeth_Cohen.jpg;Norteamérica
Ljubinka;Nikoli?;1964;;4;;_ljubinka-nikolic.jpg;Europa (Serbia)
Lois;Banner;1939;;1;"Es autora del libro de texto Mujeres en la América Moderna: ""Women in Modern America: A Brief History"", que se utiliza comúnmente en las clases introductorias de estudios de la mujer a nivel universitario. Ayudó a fundar la Conferencia de Berkshire sobre la Historia de la Mujer en la Universidad de Rutgers en 1973 y ha escrito biografías de Margaret Mead, Ruth Benedict y Marilyn Monroe.";lois_banner.jpg;Norteamérica
Louise;Lamphere;1940;;3;"Es doctora por la Universidad de Harvard en 1968. Ha publicado extensamente a lo largo de su carrera sobre temas tan diversos como los navajos y sus prácticas medicinales, la desindustrialización y la antropología urbana; sin embargo, es posiblemente más conocida por su trabajo sobre antropología feminista y cuestiones de género.";Lamphere_Louise.jpg;Norteaméricana
Luisa;Posada Kubissa;1957;;5;Filósofa, escritora y teórica feminista española. Profesora titular de Teoría del Conocimiento, Estética e Historia del pensamiento de la facultad de Filosofía de la Universidad Complutense de Madrid.;sinfoto.jpg;España
Luz Gabriela;Arango Gaviria;1957;2017;8;Fue una socióloga feminista de la Universidad Paul Valéry de Montpellier, doctora de la Escuela de Altos Estudios en Ciencias Sociales de París, se desempeñó como docente en la Universidad Externado de Colombia, Universidad de los Andes y de la Universidad Nacional de Colombia en donde trabajó desde 1995 hasta su fallecimiento. Fue profesora invitada del Instituto de Altos Estudios sobre América Latina de París en la Cátedra Antonio Nariño de Estudios Colombianos en 20031?. También adelantó estancias posdoctorales en la Universidad Estatal de Campinas y fue conferencista invitada en diversas instituciones de América y Europa.;LuzGabrielaarango.jpg;Colombia
Madame;De Staël;1766;1817;5;Destacó por sus ideas políticas y sus ensayos: tanto sus novelas sentimentales de corte feminista y aire prerromántico (Delphine y Corinne) como sus dos extensas obras de crítica cultural y comparatista (De la littérature y De l´Allemagne) lograron pronta difusión en Europa.2? Creía en una inteligencia femenina tan potente como la masculina y dotada de una sensibilidad superior, exigió que la mujer fuese educada igual que los hombres y que la relación marido-mujer se desarrollara en un plano de igualdad y detestaba las convenciones.3?Considerada ?madre espiritual de la Europa moderna? realizó una audaz obra literaria entre novelas, ensayos y estudios históricos y críticos, estos últimos la sitúan hoy como pionera de los estudios de literatura comparada;220px-Madame_de_Staël.jpg;Suiza/Francia
Magdalena;León Gómez;1939;;8;"Ha trabajado en formulación de políticas orientadas al avance de las mujeres. Es autora de ""La mujer y el desarrollo en Colombia"" (1977), trabajo que inauguró desde una perspectiva nacional el tema de la mujer y el desarrollo en Colombia tanto por su incidencia en el ámbito académico como por su impacto en la formulación de políticas públicas. Destacan también sus investigaciones estableciendo un enfoque de género sobre las políticas de redistribución que permitieron el reconocimiento del trabajo de las mujeres en el mundo rural y agrario reivindicando la propiedad de la tierra para las mujeres como clave del desarrollo y la lucha contra la pobreza.";magdalena_leon_gomez.jpg;Colombia
Mamie;Phipps Clark;1917;1983;6;"Psicóloga especialista en psicología experimental. Reconocida por sus investigaciones sobre la discriminación y su liderazgo en el campo del feminismo, además de su amplio conocimiento sobre la cultura afrodescendiente. la prueba muñeca de Clark, famoso experimento con muñecos de color blanco y negro. En este experimento se evidenció que los niños mostraban principalmente interés por los muñecos de color blanco ya que según ellos, los muñecos negros eran feos"".""";mamie-phipps-clark-wide.jpg;Norteaméricana
Marcela;Lagarde;1948;;3;Académica, antropóloga e investigadora mexicana, especializada en etnología, representante del feminismo latinoamericano;MarcelaLagarde.jpg;América Latina
Margaret;Conkey;1943;;1;Es una arqueóloga estadounidense, especializada en el periodo Magdaleniense del Paleolítico Superior en los Pirineos franceses.? Su investigación se centra en el arte parietal producido durante este periodo;Margaret_conkey.jpg;Norteamérica
Margaret;Murray;1863;1963;1;ue una antropóloga anglo-británica prominente. En enero de 1894 inició sus estudios de egiptología especializándose en escritura jeroglífica en la Oxford University lo que la convertiría en la primera mujer egiptóloga. Fue la primera mujer en ser nombrada profesora de arqueología en el Reino Unido, trabajó en el University College London (UCL) de 1898 a 1935.;220px-Margaret_Murray.jpg;Europa
Margaret;MacMillan;1943;;1;Es la autora del libro Mujeres del Raj y de numerosos artículos sobre acontecimientos en Canadá y el mundo. MacMillan coordina la edición de libros que tienen como tema las relaciones internacionales de Canadá, especialmente con la OTAN, y sobre las relaciones entre Canadá y Australia.;Dr._Margaret_MacMillan.jpg;Norteamérica (Cánada)
Margaret;Mead;1901;1978;3;En sus investigaciones etnográficas de las décadas de 1920 y 1930, puso en entredicho la visión sexista biologista que prevalecía en las ciencias sociales en EE.UU. según la cual la división sexual del trabajo en la familia moderna se debía a la diferencia innata entre el comportamiento instrumental (público, productivo) de los hombres y expresivo de las mujeres, y en su estudio comparativo Sex and Temperament in Three Primitive Societies Mead introdujo, en 1935, la idea revolucionaria de que, por ser la especie humana enormemente maleable, los papeles y las conductas sexuales varían según los contextos socioculturales. Fue, así, precursora en la utilización del concepto «género» ampliamente utilizado posteriormente en los estudios feministas. Museo Americano de Historia Natural, en Nueva York, como asistente de director, en algún momento sirviendo como directora de etnología desde 1946 hasta 1969.;Mead_Margaret.jpg;Norteaméricana
Margaret;Floy Washburn;1871;1939;6;Trabajo experimental en el comportamiento animal y la teoría motora del desarrollo. Fue la primera mujer en recibir un doctorado en psicología.;Margaret_Floy_Washburn.jpg;Norteaméricana
Margaret;Cavendish;1623;1673;5;Duquesa de Newcastle, fue una aristócrata inglesa y una prolífica escritora. Nacida Margaret Lucas.1? Fue una de las mujeres más importantes de su época, escribió un gran número de obras, en la que deja constancia de su pensamiento liberal y lucha por dar a la mujer el sitio que merece.;;Norteaméricana
Margarete;Bieber;1879;1970;1;German-American art historian, classical archaeologist and professor. She became the second woman university professor in Germany in 1919 when she took a position at the University of Giessen. She studied the theatre of ancient Greece and Rome as well as the sculpture and clothing in ancient Rome and Greece.;Margarete_Bieber.jpg;Originaria de Polonia
Margarida;Comas Camps;1892;1972;9;;;España
Margery;Wolf;1933;;3;Publicó numerosas obras etnográficas que catapultaron su reputación académica en China y EE.UU. Sus obras siguen publicándose y enseñándose en las universidades en la actualidad.;Margery_Wolf.jpg;Norteaméricana
Maria;Czaplicka;1884;1921;3;"Fue una antropóloga cultural polaca que es más conocida por su etnografía del chamanismo siberiano. La investigación de Czaplicka sobrevive en tres grandes obras: sus estudios en la ""Aboriginal Siberia"" (1914); un cuaderno de viaje publicado como ""My Siberian Year ""(1916); y una serie de conferencias publicadas como ""The Turks of Central Asia"" (1919). Curzon Press reeditó los tres volúmenes, más un cuarto volumen de artículos y cartas, en 1999.";Maria_Czaplicka.jpg;Europa (Polaca)
Maria;Ossowska;1896;1974;8;"Maria Ossowska y Stanis?aw Ossowski están considerados entre los fundadores del campo de ""ciencia de la ciencia"" debido a su autoría en el trabajo precursor de 1935 titulado ""La Ciencia de la Ciencia"".";Maria_Ossowska.jpg;Polonia
Maria;Montessori;1870;1952;9;;;Italia
María;Zambrano;1904;1991;5;Su extensa obra, entre el compromiso cívico y el pensamiento poético, no fue reconocida en España hasta el último cuarto del siglo XX, tras un largo exilio. Ya anciana, recibió los dos máximos galardones literarios concedidos en España: el Premio Príncipe de Asturias en 1981, y el Premio Cervantes en 1988.;María_Zambrano.JPG;España
María;Mies;1931;;8;En 1979 estableció el programa Mujer y Desarrollo en el Instituto de Estudios Sociales de La Haya, Países Bajos. Ha participado activamente en movimientos feministas y en Estudios de la Mujer desde finales de 1960. Una de sus principales preocupaciones es el desarrollo de un enfoque alternativo en la economía que reconozca como fundamental el trabajo reproductivo.;maria_mies_pic.jpg;Alemania
María;De Maeztu;1881;1948;9;;;España
María;Rostworowski;1915;2016;1;Historiadora e investigadora social del Perú, ? famosa por sus amplios y detallados estudios sobre las culturas prehispánicas del Perú y el Imperio Inca;mariarostworowski.jpg;América Latina
María Ángeles;Durán;1942;;8;"Especializada en el análisis del trabajo no remunerado y su relación con la estructura social y económica. Ha sido catedrática de Sociología y profesora de investigación en el Consejo Superior de Investigaciones Científicas, donde ha dirigido el Departamento de Análisis Socioeconómico y permanece actualmente vinculada ad honorem en el Centro de Ciencias Humanas y Sociales. En 2002 obtuvo el Premio Nacional de Investigación en Ciencias Sociales, Económicas y Jurídicas Pascual Madoz"" y en 2018 el Premio Nacional de Sociología y Ciencia Política del CIS.""";María_Angeles_Durán_Heras.jpg;España
María Antonia;García de León;?;;8;Se ha ocupado principalmente del Feminismo en el campo de las élites femeninas o Género y Poder, con los ensayos Élites discriminadas (Sobre el poder de las mujeres) (Anthropos, 1994), Herederas y heridas (Cátedra, 2002), Rebeldes ilustradas (La Otra Transición) (Anthropos, 2008), Cabeza moderna, corazón patriarcal (Anthropos, 2012), entre otros. También ha escrito sobre sociología de la educación y cine y cultura visual.;MariaAntoniaGarcialeon.jpg;España
María Elena;Maseras Ribera;1853;1905;9;;;España
María Teresa;Gavarró y Castelltort;1.915;1986;9;;;España
Marianne;Bertrand;1970;;7;;Marianne-Bertrand_.png;Belga
Marianne;Schitnger Weber;1870;1954;8;Marianne Schnitger fue una socióloga, historiadora del derecho, política y feminista alemana.? Centró su trabajo en la investigación sobre la protección jurídica de las mujeres, su independencia económica y educación, como medios para conseguir la igualdad.?? Su teoría sociológica tiene como punto partida el estudio de las diferencias entre las mujeres en relación a la clase social, la educación, la edad y la ideología. Luchaba para alcanzar la autonomía de la mujer y defendía la igualdad de la mujer en la educación, en la participación en la vida socio-económico y en la aportación de las mujeres a la ciencia y la cultura. Entiende a la familia como esencial para la sociedad y en la cual cada miembro tiene los mismos derechos. Defiende la ética sexual en el matrimonio;MarianneWeber.jpg;Alemania
Marielle;Franco;1979;2018;8;"Fue una socióloga, feminista, política brasileña y militante de los derechos humanos,2? y concretamente de los derechos de las mujeres negras en Brasil, priorizando el empoderamiento de aquellas mujeres negras que viven en las favelas. En este sentido, Marielle se definía como mujer feminista, negra e hija de la favela"".""";Marielle_Franco.jpg;Brasil
Marilyn;Lake;1949;;1;Es una historiadora australiana conocida por su trabajo sobre los efectos de los militares y la guerra en la sociedad civil australiana, la historia política de las mujeres australianas;Lake, Marilyn .jpg;Oceanía
Marilyn;Waring;1952;;7;;MarilynWaring2012.jpg;Neozelandesa
Marina;Subirats;1943;;8;Fue directora del Instituto de la Mujer (Ministerio de Asuntos Sociales), 1993 a 1996 y ocupó diferentes cargos en el ayuntamiento de Barcelona: concejala de Educación (1999 - 2006), presidenta del Concejo de Sants Montjuïc (1999-2003), presidenta del Concejo de Nou Barris (2003-2006) y quinta teniente de alcalde y concejala de Educación (2003-2006). Como socióloga está especializada en los campos de sociología de la educación y sociología de la mujer.;Marina_Subirats.JPG;España
Marjorie;Tipping;1917;2009;1;Tipping fue la primera mujer en obtener el título de Doctora en Letras por examen de la Universidad de Melbourne, y se le otorgó un MBE. La propina ha contribuido a muchas organizaciones comunitarias, incluyendo la primera mujer presidenta (desde 1972) de la Royal Historical Society of Victoria.;Marjorie_tipping.jpg;Australia
Marjorie;Grice-Hutchinson;1908;2003;7;Economista británica asentada en Málaga, especialista en el pensamiento económico de España, y muy particularmente en la Escuela de Salamanca y el pensamiento económico medieval.;xGrice-Hutchinson.jpg;Reino Unido
Martha Beatrice;Potter Webb;1858;1943;7;"Fue una economista, socióloga y reformadora social inglesa. En 1894 publicaron su primer libro conjunto, titulado ""La historia del sindicalismo"", dedicado al origen y crecimiento de los sindicatos desde el siglo XVII hasta el presente.

Su siguiente trabajo ""Democracia Industrial"" de 1897, es el más importante que realizaron y uno de los libros clave para entender la evolución del socialismo no marxista en Inglaterra. En él se apostaba por un papel protagónico de los sindicatos en la negociación colectiva, y además introducía la idea de un Mínimo Nacional por ley y para todos los ciudadanos que incluyese aspectos como educación, sanidad, ocio e ingreso salarial.";Beatrice_Webb.jpg;Británica
Martha Beatrice;Potter Webb;1852;1943;8;"Economista, socióloga y reformadora social inglesa. Se interesó por el cooperativismo y en 1891 publicó un libro titulado ""El movimiento cooperativo en Gran Bretaña"". También se ocupó de la economía política, pero apartándose de las ideas de Karl Marx, ya que ella no aceptaba la teoría del valor trabajo.";Beatrice_Webb.jpg;Reino Unido
Martha Teresita;De Barbieri García;1937;2018;8;Fue una socióloga feminista, académica e investigadora uruguaya radicada en México. Investigadora en Ciencias Sociales y en estudios de género, fue pionera en las investigaciones sobre la condición de las mujeres en América Latina desde el Instituto de Investigaciones Sociales de la Universidad Nacional Autónoma de México. Militante socialista, sobrevivió al golpe de estado de Chile y en 1973 se exilió a México donde ha desarrollado su carrera de investigadora.? Socióloga de la Facultad Latinoamericana de Ciencias Sociales (FLACSO), investigó sobre la vida cotidiana de las mujeres, el movimiento feminista latinoamericano, la salud reproductiva, el laicismo y marcadamente la población y el desarrollo.;Teresita_de_Barbieri.jpg;Uruguay
Mary;Nash;1948;;1;Es una historiadora irlandesa residente en Cataluña. Se ha especializado en el estudio de la historia de la mujer y del feminismo en España;Mary_Nash.JPG;Europa
Mary;Leakey;1913;1996;3;Fue una antropóloga británica, que, junto con otros, descubrió el primer cráneo de un simio fósil en la Isla Rusinga;Leakey_Mary.jpg;Europa
Mary;Midgley;1919;2018;5;Conocida por su trabajo en ciencia, ética y derechos de los animales. Escribió su primer libro, Beast And Man (1978), cuando tenía más de cincuenta años.;Mary_Midgley.JPG;Inglaterra
Mary;Warnock;1924;2019;5;Miembro de la Academia Británica, filósofabritánica especializada en filosofía moral, filosofía de la educación y filosofía de la mente, estudiosa del existencialismo.;Mary_Warnock.jpg;Reino Unido
Mary;Wollstonecraft;1759;1797;5;Considerada una figura destacada del mundo moderno, escribió novelas, cuentos, ensayos, tratados, un relato de viaje y un libro de literatura infantil. Como mujer del siglo XVIII, fue capaz de establecerse como escritora profesional e independiente en Londres, algo inusual para la época. En su obra Vindicación de los derechos de la mujer (1792), argumenta que las mujeres no son por naturaleza inferiores al hombre, sino que parecen serlo porque no reciben la misma educación, y que hombres y mujeres deberían ser tratados como seres racionales;Mary_Wollstonecraft.jpg;Reino Unido
Mary;Cover Jones;1896;1987;6;"Dentro de la psicología, Mary Cover Jones destaca como un pionera de la terapia de conducta - Joseph Wolpe la apodó ""la madre de la terapia de conducta"".? Jones desarrolló la técnica de desensibilización, empleada en las fobias.?";Mary_Cover_Jones.jpg;Norteaméricana
Mary;Silter Ainsworth;1913;1999;6;Se centra en los efectos de la presencia-ausencia de la madre sobre la conducta exploratoria de los niños. Su diseño experimental STRANGE SITUATION (situación extraña) es uno de los más conocidos e imitados en este tipo de investigaciones.;mary-ainsworth.png;Estados Unidos
Mary;Whiton Calkins;1863;1930;6;Filósofa y psicóloga. Además, llegó a ser la primera mujer presidente de la Asociación Estadounidense de Psicología. Es además una de las principales representantes de la Psicología del Self;MCalkins.jpg;Estados Unidos
Mary;Paley Marshall;1850;1944;7;Era una economista y una de las primeras mujeres que tomó el examen de acceso a la universidad y estudió en la Universidad Newnham, perteneciente a la Universidad de Cambridge.;mary-paley-marshall.jpg;Británica
Mary;Lorna O'brien;1932;;9;;;Australia
Mary;Paley Marshall;1850;1944;7;En 1878 fundaron el Departamento de Economía en la Universidad de Bristol. En 1883 regresaron a Oxford. Mary ejerció como profesora y conferencista de economía. En conjunto escribieron el libro Economics of Industry publicado en1879.;Mary_Paley_Marshall.png;Británica
Mary Cabot;Wheelwright;1878;1958;3;;Wheelwright_Mary_Cabot.jpg;Norteaméricana
Matilda;Core Stevenson;1849;1915;3;"Pasó 13 años en exploraciones de la región de las Montañas Rocosas. En la década de 1880, los Stevensons ""formaron el primer equipo de marido y mujer en antropología"". Las contribuciones de Matilda Coxe Stevenson se centraron a menudo en las mujeres y la vida familiar, por lo que ""rápidamente se ganó una reputación de científica vigorosa y devota"".";Matilda_Coxe_Stevenson.jpg;Norteaméricana
Meike;Hoffmann;1962;;1;Es una historiadora germano-americana. Tiene la cátedra James G. Kenan Distinguished Professor en la Universidad de Carolina del Norte en Chapel Hill. Sus investigaciones se centran en la historia moderna alemana, europea y transatlántica, la historia del ejército y la guerra y la historia de la mujer y el género.;meike_hoffmann.jpg;Europa
Melanie;Klein;1882;1960;6;Psicoanalista austriaca, creadora de una teoría del funcionamiento psíquico. Hizo importantes contribuciones sobre el desarrollo infantil desde la teoría psicoanalítica y fundó la escuela inglesa de psicoanálisis.;Melanie_Klein.jpg;Austria
Mercedes;Rodrigo;1891;1982;9;Primera mujer en formarse en psicología en España. Fue pionera de la Psicotecnia, dedicando gran parte de su vida a los procesos de selección y orientación profesional. Su mayor contribución fue haber fundado el primer programa de estudios en Psicología en América del Sur.;;España
Mia;Bay;;;1;"Estudia historia intelectual y cultural estadounidense y afroamericana y es autora, entre otras obras, de ""The White Image in the Black Mind: African-American Ideas About White People"".";mia_bay.jpg;Norteamérica
Micaela;Portilla Vitoria;1922;2005;9;;;España
Michelle;Rosaldo;1944;1981;3;"Michelle ""Shelly"" Zimbalist Rosaldo (1944 en Nueva York - 1981 en Filipinas) fue una antropóloga social, lingüística y psicológica famosa por sus estudios sobre el pueblo Ilongot en Filipinas y por su papel pionero en los estudios sobre la mujer y la antropología del género.";MichelleRosaldo.jpg;Norteaméricana
Mildred;Trotter;1899;1991;3;Fue una pionera estadounidense como historiadora forense y antropóloga forense.;Mildred_Trotter.jpg;Norteaméricana
Milicent;Garret Fawcett;1847;1929;7;Essays and Lectures on Social and Political Subjects (1872), una colección de catorce estudios, de los cuales ocho son firmados por ella. Antes, ya había publicado Political Economy of Beginners, un texto introductorio de economía para adolescentes, y que constituyó un éxito editorial. En 1874 publicó otro libro, Tales in Political Economy, una recopilación de cuentos ilustrativos de lecciones de economía. A partir de 1884 Garrett Fawcett se dedicó de lleno al movimiento sufragista británico, llegando a presidir durante doce años la National Union of Women's Suffrage Society.;Millicent_Fawcett.jpg;Reino Unido
Mirra;Komarovsky;1905;1999;8;"Construyó su legado investigando las actitudes sociales y culturales de las familias. Una gran parte de su trabajo estuvo centrada en la idea del retardo cultural"", en el cual las actitudes culturales que rodean a las mujeres generalmente no avanzan al mismo ritmo de los avances tecnológicos y sociales. Durante el resto de su carrera, continuó estudiando el rol de las mujeres y los puntos de vista de la sociedad hacia estos roles. Se convirtió en una de las primeras científicas sociales en dar una mirada crítica al género y al rol de las mujeres en la sociedad.""";komarovsky49.jpg;Rusia/Estados Unidos
Nancy;Fraser;1947;;5;Filósofa política, intelectual pública y feminista estadounidense. Ha ejercido como profesora de ciencias políticas y sociales. En la actualidad es profesora de filosofía en The New School en Nueva York.1? Es ampliamente conocida por sus críticas y contribuciones teóricas en el ámbito de la filosofía política, especialmente es cuestiones de política de la identidad, sobre el constructo de justicia social y la teoría feminista;NancyFraser.jpg;Estados Unidos
Nancy;Folbre;1952;;7;Economista feminista norteamericana cuyos estudios se centran en la relación entre la economía y la familia (o economía familiar), el trabajo fuera del mercado y la economía de cuidado.? Es Profesora de economía en la Universidad de Massachusetts Amherst. Presidió la Asociación Internacional para Economía Feminista (IAFFE) de 2002 a 2003, ha sido editora asociada del journal Feminist Economics desde entonces 1995, y es también miembro del consejo editorial del Journal of Women, Politics & Policy. En 2016, estuvo a cargo de la conferencia inaugural en memoria de Ailsa McKay.;Nancy_Folbre.jpg;Norteaméricana
Nancy F.;Cott;1945;;1;Es una historiadora estadounidense y profesora que ha impartido clases en la Universidades de Yale y de Harvard, y se ha especializado principalmente en el conflicto de género en Estados Unidos en los siglos XIX y XX;nancy-f-cott.jpg;Norteamérica
Nancy Julia;Chodorow;1944;;8;Ejerce la clínica psicoanalítica en Cambridge, Massachusetts. En 1966, se graduó por el Radcliffe College, y luego recibió su PhD en sociología por la Universidad Brandeis. Considerada una líder en teoría feminista con influencias del psicoanálisis, es miembro de la Asociación Psicoanalítica Internacional, a menudo expositora en sus congresos. Ha pasado muchos años, como profesora en los Departamentos de sociología y psicología clínica en la Universidad de California en Berkeley,6? habiéndose retirado de esa Universidad en 2005. The Reproduction of Mothering fue elegido por la revista Contemporary Sociology como uno de los diez libros más influyentes de los últimos veinticinco años.;NancyChodorow.jpg;Estados Unidos
Natalie;Zemon Davis;1928;;1;Sus intereses se centran en la historia social y cultural, especialmente en temas previamente ignorados por los historiadores. Davis hace uso de numerosas fuentes, tales como registros judiciales, obras, panfletos, protocolos notariales, censos tributarios, libros y documentos de asistencia social. Es una de las precursoras en hacer una historia interdisciplinaria, que consiste en combinar la historia con disciplinas tales como la Antropología, Historia del arte, Etnografía y teoría literaria.;Natalie_Zemon_Davis.jpg;Norteamérica
Olga;Cossettini;1898;1987;9;;;Argentina
Olwen;Hufton;1938;;1;Es una historiadora británica de la Europa moderna y pionera de la historia social y de la historia de la mujer.;Dame Olwen Hufton.jpg;Europa
Olympe;De Gouges;1748;1793;5;Pseudónimo de Marie Gouze, escritora, dramaturga, panfletista y filósofa política francesa, autora de la Declaración de los Derechos de la Mujer y de la Ciudadana (1791). Como otras feministas de su época, fue abolicionista. Detenida por su defensa de los Girondinos fue juzgada sumariamente y murió guillotinada.;200px-Olympe_de_Gouges.png;Francesa
Orlandina;De Oliveira;1943;;8;Se ha distinguido por sus estudios y trabajos sobre la desigualdad social en México, la condición social de las mujeres y de los jóvenes y la dinámica de los mercados de trabajo en el mismo país.;OrlandinedeOliveira.jpg;Brasil/México
Patricia;Churland;1943;;5;"Sus estudios se centran en la neurofilosofía y la filosofía de la mente. Churchland ha enfocado sus estudios en la relación entre las neurociencias y la filosofía. De acuerdo con ella, los filósofos se están dando cuenta de que para entender la mente primero debe entenderse el cerebro. Se asocia a la escuela de pensamiento llamada eliminativismo o materialismo eliminativo, la cual argumenta que los conceptos de la psicología popular como ""creencia"", ""voluntad libre"" o ""conciencia"" necesitarán ser revisados cuando la ciencia entienda más acerca de las funciones del cerebro.";Patricia_Churchland.jpg;Norteaméricana (canadiense)
Patti;Lather;1948;;9;Profesora emérita de la Universidad Estatal de Ohio, donde ha enseñado metodología feminista y educación y género desde 1988. Su trabajo examina las teorías feministas, centrando su estudios en las implicaciones científicas del feminismo en el mundo de la educación. Es autora de cuatro libros y ha colaborado en numerosas universidades tanto estadounidenses como europeas.;;Estados Unidos
Paula;Harper;1930;2012;1;"Fue una historiadora del arte estadounidense, a la que se le atribuye el título de ""una de las primeras historiadoras del arte en aportar una perspectiva feminista al estudio de la pintura y la escultura"". Es coautora de una biografía sobre el impresionista francés Camille Pissarro y fue una conocida crítica de arte contemporáneo.";HARPER.jpg;Norteamérica
Pearl;Primus;1919;1994;3;bailarina, coreógrafa y antropóloga trinitense. Promovió la danza africana como una forma de arte digna de estudio y actuación, en reacción contra el arquetipo occidental sobre el salvajismo africano;Pearl_Primus.jpg;Trinidad y Tobago
Peggy;Golde;1930;;3;"Su libro más famoso es Women in the field; anthropological experiences by Peggy Golde( Book )";;
Phillis;Kaberry;1910;1977;3;Antropóloga social que dedicó su trabajo al estudio de las mujeres en diferentes sociedades.Particularmente con sus investigaciones en Australia y África, ella allanó el camino para un enfoque feminista en los estudios antropológicos. Su investigación sobre la vida sagrada y el rol significativo de las mujeres aborígenes de Australia resultó ser un tema controversial, ya que durante sus primeros años de trabajos de campo la antropología era una disciplina claramente dominada por hombres, llena de prejuicios que consideraban a los hombres como superiores en todos los aspectos de la vida. Al contribuir con pruebas del rol significativo de las mujeres en el desarrollo y la organización social, Kaberry puede ser definida como una antropóloga sumamente influyente e importante.;Kaberry_Phillis.jpg;Norteaméricana
Pinar;Selek;1971;;8;Es conocida por su trabajo vinculado a los derechos de las comunidades vulnerables en su país, incluidas las mujeres, los pobres, los niños de la calle, las minorías sexuales y las comunidades kurdas.;Pinar_Selek.jpg;Turquía
Rachel;Bostman;1978;;7;"Rachel Botsman es una Global Economic Forum Young Leader, fue nombrada por la revista Fast Company como una de las ""personas más creativas en los negocios y por Monocle como una de las 20 mejores oradoras del mundo de las conferencias.

Rachel está diseñando actualmente el primer curso de MBA en la economía colaborativa, que enseñará en la Universidad de Oxford en 2015. Sus escritos e investigaciones han aparecido en Harvard Business Review, The Economist, CNN, New York Times, The Guardian, The Financial Times, y otras publicaciones.Es una editora asociada a WIRED Reino Unido y tiene una columna mensual de tendencias tecnológicas en el Australian Financial Review. Rachel Botsman ha estado inspirando a emprendedores de todo mundo en la creación de empresas enfocadas en aprovechar la capacidad en desuso.";RachelBotsman.jpg;Británica
Ragna;Nielsen;1845;1924;9;;;Noruega
Reina;Torres de Araúz;1932;1982;3;"Fue una destacada antropóloga, etnógrafa y profesora panameña. Es considerada una ""incansable defensora"" de la etnografía del patrimonio panameño.";220px-Dr_Reina.jpg;Panamá
Riane;Eisler;1931;;8;"Huyó del nazismo hacia Cuba con su familia cuando aún era niña; más tarde emigró a los Estados Unidos. Graduada en Sociología y Derecho en la Universidad de California es autora de varios artículos e influyentes libros. Es presidenta del Center for Partnership Studies. Eisler es definida como una historiadora de la cultura y una teórica de la evolución.";Riane-Eisler.jpg;Austria
Rita;Segato;1951;;3;;Rita_Segato.jpg;
Rita Maria;Radl Philipp;1952;;8;Doctora en Filosofía y Ciencias de la Educación por la Universidad de Santiago de Compostela, es catedrática del Departamento Ciencia Política y Sociología de esta universidad. También es profesora con nombramiento oficial (Lehrbeauftragte) de la Johann Wolfgang Goethe Universität Frankfurt donde imparte materias de Sociología de Género y de la Universidade Estadual do Sudoeste da Bahia-UESB de Vitoria da Conquista en Brasil, del programa de doctorado: Programa de Pós-Graduação em Memória: Linguagem e Sociedade.;Rita Maria Radl Philipp.jpg;Alemania
Roberta;Gilchrist;1965;;1;"En relación a la arqueología de religión y la arqueología de género. El 16 de mayo de 2002, Gilchrist fue elegida Miembro de la Sociedad de Anticuarios de Londres (Fellow of the Society of Antiquaries of London, FSA).5? En 2008, fue elegida Miembro de la Academia británica (Fellow of the British Academy, FBA).6?
El 26 de febrero de 2016, Gilchrist ganó el premio ""Arqueólogo del Año"" en los Premios de Arqueología Actual, los cuales son votados por el público, y reconocen a quienes han hecho excepcionales contribuciones en arqueología";roberta_gilchrist.jpg;Norteamérica (Canadá pero trabaja en Reino Unido)
Rosa;Luxemburgo;1871;1919;5;;;
Rosa;Luxemburgo;1871;1919;7;Líder del Partido Socialdemócrata del Reino de Polonia, también militó en el Partido Socialdemócrata de Alemania (SPD), hasta que en 1914 se opuso a la participación de los socialdemócratas en la Primera Guerra Mundial, por considerarla un «enfrentamiento entre imperialistas».;Rosa_Luxemburg.jpg;Polonia
Rosa;Agazzi;1866;1951;9;Trabajaron en el ámbito de la educación infantil, desarrollando el método Agazzi, que pretende formar niños capaces de actuar por iniciativa propia. Los pilares de su sistema son la educación sensorial, la instrucción intelectual y la educación del sentimiento.;;Italia
Rosa;Sensat i Vila;1873;1961;9;;;España
Rosalind;Beaufort Moss;1890;1990;1;Fue una egiptóloga británica y recopiladora bibliógrafa, siendo su trabajo más destacado el de The Topographical Bibliography of Ancient Egyptian Hieroglyphic Texts, Reliefs and Paintings.1?;rosalind_moss.jpg;Europa
Rosalind;Moss;1890;1990;1;Continuó el trabajo de Bertha Porter. Recopiladora y bibliógrafa inglesa conocida por su papel editorial en la compilación de la obra egiptológica Bibliografía Topográfica de Textos Jeroglíficos, Relieves y Pinturas del Antiguo Egipto. https://es.wikipedia.org/wiki/Rosalind_Moss;;Europa
Rose;Friedman;1910;2009;7;Co-escribió dos libros sobre economía y política, Free to Choose y Tyranny of the Status Quo. También escribieron sus memorias, Milton and Rose D. Friedman, Two Lucky People, que fueron publicadas en 1998. Juntos fundaron Milton and Rose D. Friedman Foundation, una fundación con el objetivo de promover el uso del cheque escolar y la libertad a la hora de elección de los estudios.;rosedirectorfriedman.jpg;Ucrania
Ruth;Benedict;1887;1948;3;Ayudó en la guerra para la lucha contra el racismo, entender a los japoneses.En 1946 fue elegida la primera mujer presidente de la Asociación Antropológica Americana.;Benedict_Ruth.jpg;Norteaméricana
Ruth;Shady;1946;;3;"Fue directora del Museo Nacional de Arqueología y Antropología del Perú, y directora del Museo de Arqueología y Antropología de la Universidad Nacional de San Marcos. Ha trabajado en el sitio de Caral desde 1994 y se le atribuye el descubrimiento de la primera civilización conocida del Perú; Shady le ha dado a la civilización el nombre de Caral, mientras que el término Norte Chico ha sido adoptado en inglés.";Ruth_Shady.JPG;Perú
Sabina;Spielrein;1885;1942;6;Psiquiatra y psicoanalista rusa de origen judío. Fue una de las primeras mujeres en la historia del psicoanálisis, siendo su principal aporte teórico la elaboración del concepto de «pulsión destructiva y sádica» con base en el cual Freud desarrollará más tarde la pulsión de muerte. De Época de Anna Freud y Melanie Klein, se la ha reconocido desde hace poco.;Sabina_Spielrein.jpg;Rusia
Sandra;Harding;1935;;5;"Obtuvo su doctorado por la Universidad de Nueva York en 1973. Sus trabajos se enmarcan dentro de la Filosofía de la Ciencia, la Epistemología Feminista, la Teoría postcolonial y la metodología en investigación. Actualmente, Harding es profesora en la Universidad de California, Los Ángeles. 
Harding ha contribuido al desarrollo de la Teoría del punto de vista, siendo una de las fundadoras del campo de la Epistemología Feminista, así como a los Estudios de ciencia, tecnología y género. Sus contribuciones en estas áreas, así como su aproximación y crítica al concepto de objetividad en la ciencia, han sido de gran influencia para las Ciencias Sociales y para la Filosofía, y ha generado discusiones en el campo de las Ciencias Naturales.";Sandra.JPG;Estados Unidos
Sara;Holloway;;;4;;Sarah Holloway.jpg;Europa
Sarah;Whatmore;1959;;4;;sarahwhatmore.png;Europa
Silvia;Walby;1953;;8;Profesora de Sociología, dirige el Centro Interdisciplinar de Violencia y Sociedad de la Universidad de Londres. Además, ha sido responsable en la UNESCO del departamento de investigación de género. Muchas de sus investigaciones están relacionadas con el tráfico de personas y el coste de la violencia de género. Trabaja en la Universidad de Lancaster.;Sylvia-Walby.jpg;Reino Unido
Simone;Weil;1909;1943;5;La mayor parte de sus escritos ha sido publicada póstumamente por Albert Camus y el padre Joseph-Marie Perrin. Formó parte de la Columna Durruti durante la Guerra Civil española.;Simone-Weil-.jpg;Francia
Simone;De Beauvoir;1908;1986;5;Escritora, profesora y filósofa francesafeminista.2? Fue una luchadora por la igualdad de derechos de la mujer y por la despenalización del aborto y de las relaciones sexuales. Escribió novelas, ensayos, biografías y monográficos sobre temas políticos, sociales y filosóficos. Su pensamiento se enmarca en la corriente filosófica del existencialismo3? y su obra El segundo sexo, se considera fundamental en la historia del feminismo.;Simone_de_Beauvoir2.png;Francesa
Soledad;Murillo;1956;;8;"Desde el 9 de junio de 2018 es Secretaria de Estado de Igualdad en el gobierno español de Pedro Sánchez. De 2004 a 2008 fue secretaria general de Políticas de Igualdad del Ministerio de Trabajo y Asuntos Sociales de España, ocupando el primer cargo político en materia de Igualdad en el gobierno español de José Luis Rodríguez Zapatero. De 2009 a 2013 formó parte del Comité CEDAW (Comité Antidiscriminación de la Mujer) de Naciones Unidas.
En 1998 promovió el seminario de estudios de la Mujer e impulsó el primer doctorado de Género en la Universidad de Salamanca. En sus investigaciones como socióloga destacan sus trabajos sobre el análisis del tiempo de hombre y mujeres en cuanto a las tensiones que genera compatibilizar mercado de trabajo con vida familiar, analizando por qué es un problema femenino y no masculino dicha conciliación y la investigación sobre el asociacionismo en las organizaciones de mujeres.";Soledad_Murillo_de_la_Vega.jpg;España
Sophie;De Grouchy;1764;1822;5;Sintetizará las ideas paradigmáticas del empirismo de Locke, Hume y Condillac pero evitando caer en una doctrina que elimine la importancia del entendimiento en el proceso cognoscitivo.;Sophiedecondorcet.jpg;Francesa
Sosípatra;De Éfeso;s.IV a.c;;5;Filósofa neoplatónica y mística que vivió en la primera mitad del siglo IV. La historia de su vida se cuenta en las Vidas de los sofistas de Eunapio.;SOSIPATRA.jpg;Éfeso (Turquía actual, Antigua Roma)
Susan;Hanson;1943;;4;;Susan-Hanson.jpg;Norteaméricana
Susan;Sontag;1933;2004;5;Escritora, novelista, filósofa y ensayista, así como profesora, directora de cine y guionista estadounidense. Aunque se dedicó principalmente a su carrera literaria y ensayística, también ejerció la docencia y dirigió películas y obras teatrales.;Susan_Sontag.jpg;Estados Unidos
Susanne;Langer;1895;1985;5;"Langer entendía que la investigación filosófica debe centrarse en los símbolos y en toda la simbolización que realizan las actividades humanas en arte, religión, ciencia, etc. Se opuso tanto al idealismo como el empirismo, distinguiendo entre señales (ya usadas por los animales), signos (unión de significado y significante) y símbolos (usados para hablar acerca de realidades).

La cultura humana, a través de sus manifestaciones (arte, religión, ciencia...), tiene, para cada una de ellas, su particular universo simbólico, el cual debe ser investigado, según Langer, por el filósofo. Ella se centró principalmente en el universo simbólico del arte, definiéndolo como símbolo presentacional"" o ""apariencia"", que articula la vida emocional del ser humano.""";Susanne_Langer.jpg;Norteaméricana
Svetlana;Alpers;1936;;1;Co-fundó la revista interdisciplinaria Representations con el crítico literario estadounidense Stephen Greenblatt. ue la única hija de Wassily Leontief, un refugiado político de la Unión Soviética y economista laureado con el Premio Nobel que fue pionero en la modelización informática, y de la poetisa Estelle Marks;svetlana_alpers.jpg;Norteamérica
Sylvia;Chant;1960;;4;;Chant, Sylvia.PNG;Europa (Británica)
Tera;Hunter;;;1;Estadounidense de historia y género afroamericanos. Es profesora de Historia y Estudios Afroamericanos en la Universidad de Princeton. a specialist in the 19th and 20th centuries. Her research focuses on gender, race, labor, and Southern histories.;;Norteamérica
Teresa;De Jesús;1515;1582;5;;Teresa_de_Jesús.jpg;
Tricia;Rose;1962;;8;Tricia Rose is an American academic. She is Chancellor's Professor of Africana Studies and Director of the Center for Study of Race and Ethnicity in America at Brown University. Through a sociological framework Rose has examined, taught, and written about U.S. black culture, especially the intersectionality of pop music, social issues, gender and sexuality.;TriciaRose.jpeg;Estados Unidos
Valentine;Gill;;;4;;valentine_gill.jpg;Europa
Vandana;Shiva;1952;;5;Es una filósofa y escritora india. Activista en favor del ecofeminismo, recibió el Premio al Sustento Bien Ganado -también llamado Premio Nobel Alternativo-, en 1993.;Dr._Vandana_Shiva_DS.jpg;India
Vanesa;Cejudo Mejías;1975;;8;"Investigadora y crítica de cultura visual contemporánea. Su tesis doctoral lleva el título ""La mediación cultural: Mecanismos de porosidad para construir cultura contemporánea sostenible"" dirigida por el artista y doctor Isidro López Aparicio.1?Esta tesis tiene su aplicación práctica desde 2016 a través del proyecto Making Art Happen, abriendo espacios de encuentro con el arte contemporáneo, dentro de contextos cotidianos como la universidad, colegios, las familias.";VanesaCejudopng.png;España
Veronica;Strong Boag;1947;;1;Es una historiadora canadiense especializada en la historia moderna de mujeres y niños en Canadá;VeronicaStrong.jpg;Norteamérica (cánada)
Vicki L.;Ruiz;1955;;1;Vicki Lynn Ruiz es una historiadora estadounidense que ha escrito o editado 14 libros y publicado más de 60 ensayos. Su trabajo se centra en las mujeres mexicoamericanas en el siglo XX. Recibió la Medalla Nacional de Humanidades.;VickiLynnRuiz.jpg;AméricaLatina
Vina;Mazumdar;1927;2013;8;Fue secretaria de la primera Comisión de la Condición Jurídica y Social de la Mujer en la India que llevó a cabo el primer informe sobre la situación de las mujeres en el país, Hacia la Igualdad (1974).? Fue directora fundadora del Centro de Estudios para el Desarrollo de la Mujer (CWDS), una organización autónoma creada en 1980, en el marco del Consejo Indio de Investigación en Ciencias Sociales (ICSSR). Fue Profesora Nacional de Investigación en el Centro de Estudios para el Desarrollo de la Mujer, Delhi.;220px-Vina_Mazumdar.jpg;India
Virgina;Satir;1916;1988;6;Trabajadora social, psicoterapeuta estadounidense, conocida especialmente por su enfoque de terapia familiar. Varios expertos en organizaciones y gerencia de cambio de los decenios 1990s y 2000s trabajan con este modelo para definir cómo el cambio afecta las organizaciones.;150px-VirginiaSatir.jpg;Estados Unidos
Virginia;Vargas;1945;;8;Como investigadora, Vargas ha estudiado los movimientos sociales en Sudamérica y el rol de las mujeres en el desarrollo económico. Además, recibió la Orden al Mérito de la Mujer 2016 por su contribución a la lucha de las mujeres en el Perú y como referente feminista en América Latina.;Gina_Vargas.jpg;Perú
Zaida;Fernández Pérez;1984;;8;"Militante feminista en la Asamblea de Mujeres de Ermua,? participa como alumna y profesora de diferentes Escuelas de Empoderamiento. Durante varios años ha estado investigando sobre el concepto ""huellas feministas y de mujeres"" y llevando a cabo diferentes proyectos para visibilizar las 'huellas' de las mujeres en las poblaciones de Eibar, Ermua, Basauri, Ondarroa y Errenteria con los matices derivados de la realidad social y económica de cada una de ellas.";Zaida_Fernández_Pérez_.jpg;España
Zelia;Nuttal;1857;1933;3;Arqueóloga y antropóloga estadounidense. Se especializó en la investigación de manuscritos prehispánicos procedentes de Mesoamérica. Realizó una investigación muy amplia del Códice Tonindeye, llamado en su honor Códice Nuttall y escribió la introducción del primer facsímil de este documento mixteco;Zelia_Nuttall.jpg;Norteaméricana
Zhao;Ban;45;115;1;Historiadora, filósofa y política china. Ella fue la primera historiadora china conocida. Completó el trabajo de su hermano Ban Gu sobre la historia del Han occidental, el Libro de Han. También escribió Lessons for Women, un influyente trabajo sobre la conducta de las mujeres. También tuvo gran interés en la astronomía y las matemáticas y escribió poemas, escritos conmemorativos, argumentaciones, comentarios, ensayos y varias obras más largas, de las cuales no todas sobreviven. Se convirtió en la erudita más famosa de China y en instructora de prácticas sexuales taoístas para la familia imperial.;Ban_Zhao.jpg;China
Zora;Neale Hurston;1891;1960;3;Zora Neale Hurston fue una antropóloga y escritora folklorista norteamericana y una de las figuras más importantes del Renacimiento de Harlem. Su obra literaria, ampliamente reconocida en la actualidad, no fue apreciada mientras estuvo viva y Hurston murió en la pobreza.;Hurston-Zora-Neale.jpg;Norteaméricana
Zulu;Sofola;1935;1995;9;;;Nigeria